user_input,retrieved_contexts,response,reference,answer_relevancy,faithfulness,id,answer,contexts,근거표현유무,두괄식,추가추론유무,안전표현유무,없는조문의심,체크리스트,법적근거섹션,답변내조문갯수,컨텍스트개수,컨텍스트길이
"전입신고·확정일자 했는데, 확정일자부 내용까지 중요한가요?","['① 제14조에 따라 전세사기피해자로 결정받고자 하는 임차인(자연인에 한정한다. 이하 같다)은 다음 각 호의 요건을 모두 갖추어야 한다. 다만, 경매 또는 공매 절차가 완료된 임차인의 경우에는 제1호 및 제3호의 요건은 제외한다. <개정 2024. 9. 10.>\n\n1. 「주택임대차보호법」 제3조에 따라 주택의 인도와 주민등록을 마치고(이 경우 전입신고를 한 때 주민등록을 한 것으로 본다) 같은 법 제3조의2제2항에 따라 임대차계약증서상의 확정일자(이하 “확정일자”라 한다)를 갖출 것(「주택임대차보호법」 제3조의3에 따른 임차권등기를 마친 경우 또는 「민법」 제303조에 따른 전세권이 설정된 경우도 포함한다)\n\n2. 임차인의 임차보증금이 5억원 이하일 것. 다만, 임차보증금의 상한액은 제6조에 따른 전세사기피해지원위원회가 시ㆍ도별 여건 및 피해자의 여건 등을 고려하여 2억원의 범위에서 상향 조정할 수 있다.\n\n3. 임대인의 파산 또는 회생절차 개시, 임차주택의 경매 또는 공매절차의 개시(국세 또는 지방세의 체납으로 인하여 임차주택이 압류된 경우도 포함한다), 임차인의 집행권원 확보 등에 해당하여 2인 이상의 임차인에게 임차보증금반환채권의 변제를 받지 못하는 피해가 발생하였거나 발생할 것이 예상될 것\n\n4. 임대인등에 대한 수사 개시, 임대인등의 기망, 임차보증금을 반환할 능력이 없는 자에 대한 임차주택의 양도 또는 임차보증금을 반환할 능력 없이 다수의 주택 취득ㆍ임대 등 임대인이 임차보증금반환채무를 이행하지 아니할 의도가 있었다고 의심할 만한 상당한 이유가 있을 것\n\n② 다음 각 호의 어느 하나에 해당하는 경우는 제1항의 적용대상에서 제외한다.\n\n1. 임차인이 임차보증금 반환을 위한 보증 또는 보험에 가입하였거나 임대인이 임차보증금 반환을 위한 보증에 가입하여 임차인에게 보증금의 전액 반환이 가능한 경우\n\n2. 임차인의 보증금 전액이 최우선변제가 가능한 「주택임대차보호법」 제8조제1항에 따른 보증금 중 일정액에 해당하는 경우\n\n3. 임차인이 「주택임대차보호법」에 따라 대항력 또는 우선변제권 행사를 통하여 보증금 전액을 자력으로 회수할 수 있다고 판단되는 경우', '① 제3조의2제2항의 확정일자는 주택 소재지의 읍ㆍ면사무소, 동 주민센터 또는 시(특별시ㆍ광역시ㆍ특별자치시는 제외하고, 특별자치도는 포함한다)ㆍ군ㆍ구(자치구를 말한다)의 출장소, 지방법원 및 그 지원과 등기소 또는 「공증인법」에 따른 공증인(이하 이 조에서 “확정일자부여기관”이라 한다)이 부여한다.\n\n② 확정일자부여기관은 해당 주택의 소재지, 확정일자 부여일, 차임 및 보증금 등을 기재한 확정일자부를 작성하여야 한다. 이 경우 전산처리정보조직을 이용할 수 있다.\n\n③ 주택의 임대차에 이해관계가 있는 자는 확정일자부여기관에 해당 주택의 확정일자 부여일, 차임 및 보증금 등 정보의 제공을 요청할 수 있다. 이 경우 요청을 받은 확정일자부여기관은 정당한 사유 없이 이를 거부할 수 없다.\n\n④ 임대차계약을 체결하려는 자는 임대인의 동의를 받아 확정일자부여기관에 제3항에 따른 정보제공을 요청할 수 있다.\n\n⑤ 제1항ㆍ제3항 또는 제4항에 따라 확정일자를 부여받거나 정보를 제공받으려는 자는 수수료를 내야 한다.\n\n⑥ 확정일자부에 기재하여야 할 사항, 주택의 임대차에 이해관계가 있는 자의 범위, 확정일자부여기관에 요청할 수 있는 정보의 범위 및 수수료, 그 밖에 확정일자부여사무와 정보제공 등에 필요한 사항은 대통령령 또는 대법원규칙으로 정한다.\n\n[본조신설 2013. 8. 13.]']","A. **한 줄 결론**  
확정일자부 기재 내용은 보증금 우선변제권 행사 시 핵심 증빙 자료로, 반드시 확인해야 합니다.  

B. **지금 당장 할 일**  
1. **확정일자부여기관(주민센터/등기소 등)에 방문**해 해당 주택의 확정일자부 사본 요청  
2. **확정일자부 내 ""보증금 액수·계약일·임대인 정보"" 확인** (계약서 내용과 일치 여부 검토)  
3. **불일치 시 즉시 내용증명 발송** (임대인에게 정정 요구)  
4. **임차권등기명령 신청 검토** (보증금 5억원 초과 시 우선변제권 강화)  
5. **전세사기피해 지원 신청 가능성 확인** (보증금 5억원 이하 시)  

C. **법적 근거**  
- **주택임대차보호법 제3조의6 제2항**  
  ""확정일자부여기관은 해당 주택의 소재지, 확정일자 부여일, 차임 및 보증금 등을 기재한 확정일자부를 작성하여야 한다.""  
- **전세사기피해자 지원법 제3조 제1항 제1호**  
  ""확정일자 부여 시 보증금 액수·계약일 등이 전세사기피해 요건 판단의 핵심 기준""  

D. **절차 / 증빙**  
- **필요 서류**: 신분증, 임대차계약서, 확정일자부 사본  
- **기한**: 경매 개시 전 또는 전세사기피해 신청 시까지  
- **주의점**: 확정일자부와 계약서상 보증금 차이 발생 시, 우선변제권 행사 시 분쟁 가능성 있음  

E. **유사 판례 / 사례**","네, 중요합니다. 확정일자를 받았다는 사실만으로 끝나는 것이 아니라, 확정일자부에 기재된 내용이 임차인의 권리 보호 범위를 결정합니다.
주택임대차보호법 제3조의2 제2항에 따르면,
임차인이 주택의 인도와 주민등록을 마친 후 임대차계약서에 확정일자를 갖춘 경우에 한하여 보증금에 대한 우선변제권을 가집니다.
이때 확정일자는 단순한 표시가 아니라, 확정일자부에 기록된 사항을 기준으로 효력이 판단됩니다.
확정일자부에는
임대차 당사자, 주택의 표시, 임대차기간, 보증금 및 차임 등의 사항이 기재되며
이 기재사항은 우선변제권의 범위와 순위를 판단하는 기준이 됩니다
(확정일자부 기재사항 – 주택임대차보호법 시행령 제4조).
또한 확정일자부는 누구나 열람할 수 있는 것이 아니라,
임대인·임차인 등 법에서 정한 이해관계인만 열람하거나 정보 제공을 요청할 수 있습니다
(열람 가능자 – 주택임대차보호법 시행령 제5조).
아울러 이해관계인의 유형에 따라 제공·열람할 수 있는 정보의 범위가 제한되며,
모든 정보가 동일하게 공개되는 것은 아닙니다
(열람 및 정보 제공 범위 – 주택임대차보호법 시행령 제6조).
따라서 “확정일자를 받았다”는 사실만으로 안심할 것이 아니라,
확정일자부에 계약 내용이 정확하게 기재되어 있는지까지 확인하는 것이 중요합니다.
📌 법적 근거
주택임대차보호법 제3조의2 제2항
주택임대차보호법 시행령 제4조
주택임대차보호법 시행령 제5조
주택임대차보호법 시행령 제6조",0.38664892,0.16666666666666666,1,"A. **한 줄 결론**  
확정일자부 기재 내용은 보증금 우선변제권 행사 시 핵심 증빙 자료로, 반드시 확인해야 합니다.  

B. **지금 당장 할 일**  
1. **확정일자부여기관(주민센터/등기소 등)에 방문**해 해당 주택의 확정일자부 사본 요청  
2. **확정일자부 내 ""보증금 액수·계약일·임대인 정보"" 확인** (계약서 내용과 일치 여부 검토)  
3. **불일치 시 즉시 내용증명 발송** (임대인에게 정정 요구)  
4. **임차권등기명령 신청 검토** (보증금 5억원 초과 시 우선변제권 강화)  
5. **전세사기피해 지원 신청 가능성 확인** (보증금 5억원 이하 시)  

C. **법적 근거**  
- **주택임대차보호법 제3조의6 제2항**  
  ""확정일자부여기관은 해당 주택의 소재지, 확정일자 부여일, 차임 및 보증금 등을 기재한 확정일자부를 작성하여야 한다.""  
- **전세사기피해자 지원법 제3조 제1항 제1호**  
  ""확정일자 부여 시 보증금 액수·계약일 등이 전세사기피해 요건 판단의 핵심 기준""  

D. **절차 / 증빙**  
- **필요 서류**: 신분증, 임대차계약서, 확정일자부 사본  
- **기한**: 경매 개시 전 또는 전세사기피해 신청 시까지  
- **주의점**: 확정일자부와 계약서상 보증금 차이 발생 시, 우선변제권 행사 시 분쟁 가능성 있음  

E. **유사 판례 / 사례**","['① 제14조에 따라 전세사기피해자로 결정받고자 하는 임차인(자연인에 한정한다. 이하 같다)은 다음 각 호의 요건을 모두 갖추어야 한다. 다만, 경매 또는 공매 절차가 완료된 임차인의 경우에는 제1호 및 제3호의 요건은 제외한다. <개정 2024. 9. 10.>\n\n1. 「주택임대차보호법」 제3조에 따라 주택의 인도와 주민등록을 마치고(이 경우 전입신고를 한 때 주민등록을 한 것으로 본다) 같은 법 제3조의2제2항에 따라 임대차계약증서상의 확정일자(이하 “확정일자”라 한다)를 갖출 것(「주택임대차보호법」 제3조의3에 따른 임차권등기를 마친 경우 또는 「민법」 제303조에 따른 전세권이 설정된 경우도 포함한다)\n\n2. 임차인의 임차보증금이 5억원 이하일 것. 다만, 임차보증금의 상한액은 제6조에 따른 전세사기피해지원위원회가 시ㆍ도별 여건 및 피해자의 여건 등을 고려하여 2억원의 범위에서 상향 조정할 수 있다.\n\n3. 임대인의 파산 또는 회생절차 개시, 임차주택의 경매 또는 공매절차의 개시(국세 또는 지방세의 체납으로 인하여 임차주택이 압류된 경우도 포함한다), 임차인의 집행권원 확보 등에 해당하여 2인 이상의 임차인에게 임차보증금반환채권의 변제를 받지 못하는 피해가 발생하였거나 발생할 것이 예상될 것\n\n4. 임대인등에 대한 수사 개시, 임대인등의 기망, 임차보증금을 반환할 능력이 없는 자에 대한 임차주택의 양도 또는 임차보증금을 반환할 능력 없이 다수의 주택 취득ㆍ임대 등 임대인이 임차보증금반환채무를 이행하지 아니할 의도가 있었다고 의심할 만한 상당한 이유가 있을 것\n\n② 다음 각 호의 어느 하나에 해당하는 경우는 제1항의 적용대상에서 제외한다.\n\n1. 임차인이 임차보증금 반환을 위한 보증 또는 보험에 가입하였거나 임대인이 임차보증금 반환을 위한 보증에 가입하여 임차인에게 보증금의 전액 반환이 가능한 경우\n\n2. 임차인의 보증금 전액이 최우선변제가 가능한 「주택임대차보호법」 제8조제1항에 따른 보증금 중 일정액에 해당하는 경우\n\n3. 임차인이 「주택임대차보호법」에 따라 대항력 또는 우선변제권 행사를 통하여 보증금 전액을 자력으로 회수할 수 있다고 판단되는 경우', '① 제3조의2제2항의 확정일자는 주택 소재지의 읍ㆍ면사무소, 동 주민센터 또는 시(특별시ㆍ광역시ㆍ특별자치시는 제외하고, 특별자치도는 포함한다)ㆍ군ㆍ구(자치구를 말한다)의 출장소, 지방법원 및 그 지원과 등기소 또는 「공증인법」에 따른 공증인(이하 이 조에서 “확정일자부여기관”이라 한다)이 부여한다.\n\n② 확정일자부여기관은 해당 주택의 소재지, 확정일자 부여일, 차임 및 보증금 등을 기재한 확정일자부를 작성하여야 한다. 이 경우 전산처리정보조직을 이용할 수 있다.\n\n③ 주택의 임대차에 이해관계가 있는 자는 확정일자부여기관에 해당 주택의 확정일자 부여일, 차임 및 보증금 등 정보의 제공을 요청할 수 있다. 이 경우 요청을 받은 확정일자부여기관은 정당한 사유 없이 이를 거부할 수 없다.\n\n④ 임대차계약을 체결하려는 자는 임대인의 동의를 받아 확정일자부여기관에 제3항에 따른 정보제공을 요청할 수 있다.\n\n⑤ 제1항ㆍ제3항 또는 제4항에 따라 확정일자를 부여받거나 정보를 제공받으려는 자는 수수료를 내야 한다.\n\n⑥ 확정일자부에 기재하여야 할 사항, 주택의 임대차에 이해관계가 있는 자의 범위, 확정일자부여기관에 요청할 수 있는 정보의 범위 및 수수료, 그 밖에 확정일자부여사무와 정보제공 등에 필요한 사항은 대통령령 또는 대법원규칙으로 정한다.\n\n[본조신설 2013. 8. 13.]']",1,1,1,1,0,1,1,2,2,1717
"계약서에 1년이라고 써 있으면, 1년 지나면 무조건 나가야 하나요?","['① 기간을 정하지 아니하거나 2년 미만으로 정한 임대차는 그 기간을 2년으로 본다. 다만, 임차인은 2년 미만으로 정한 기간이 유효함을 주장할 수 있다.\n\n② 임대차기간이 끝난 경우에도 임차인이 보증금을 반환받을 때까지는 임대차관계가 존속되는 것으로 본다.\n\n[전문개정 2008. 3. 21.]', '① 당사자는 약정한 차임이나 보증금이 임차주택에 관한 조세, 공과금, 그 밖의 부담의 증감이나 경제사정의 변동으로 인하여 적절하지 아니하게 된 때에는 장래에 대하여 그 증감을 청구할 수 있다. 이 경우 증액청구는 임대차계약 또는 약정한 차임이나 보증금의 증액이 있은 후 1년 이내에는 하지 못한다. <개정 2020. 7. 31.>\n\n② 제1항에 따른 증액청구는 약정한 차임이나 보증금의 20분의 1의 금액을 초과하지 못한다. 다만, 특별시ㆍ광역시ㆍ특별자치시ㆍ도 및 특별자치도는 관할 구역 내의 지역별 임대차 시장 여건 등을 고려하여 본문의 범위에서 증액청구의 상한을 조례로 달리 정할 수 있다.<신설 2020. 7. 31.>\n\n[전문개정 2008. 3. 21.]', '① 임차인(제3조제2항 및 제3항의 법인을 포함한다. 이하 같다)이 임차주택에 대하여 보증금반환청구소송의 확정판결이나 그 밖에 이에 준하는 집행권원(執行權原)에 따라서 경매를 신청하는 경우에는 집행개시(執行開始)요건에 관한 「민사집행법」 제41조에도 불구하고 반대의무(反對義務)의 이행이나 이행의 제공을 집행개시의 요건으로 하지 아니한다. <개정 2013. 8. 13.>\n\n② 제3조제1항ㆍ제2항 또는 제3항의 대항요건(對抗要件)과 임대차계약증서(제3조제2항 및 제3항의 경우에는 법인과 임대인 사이의 임대차계약증서를 말한다)상의 확정일자(確定日字)를 갖춘 임차인은 「민사집행법」에 따른 경매 또는 「국세징수법」에 따른 공매(公賣)를 할 때에 임차주택(대지를 포함한다)의 환가대금(換價代金)에서 후순위권리자(後順位權利者)나 그 밖의 채권자보다 우선하여 보증금을 변제(辨濟)받을 권리가 있다.<개정 2013. 8. 13.>\n\n③ 임차인은 임차주택을 양수인에게 인도하지 아니하면 제2항에 따른 보증금을 받을 수 없다.\n\n④ 제2항 또는 제7항에 따른 우선변제의 순위와 보증금에 대하여 이의가 있는 이해관계인은 경매법원이나 체납처분청에 이의를 신청할 수 있다.<개정 2013. 8. 13.>\n\n⑤ 제4항에 따라 경매법원에 이의를 신청하는 경우에는 「민사집행법」 제152조부터 제161조까지의 규정을 준용한다.\n\n⑥ 제4항에 따라 이의신청을 받은 체납처분청은 이해관계인이 이의신청일부터 7일 이내에 임차인 또는 제7항에 따라 우선변제권을 승계한 금융기관 등을 상대로 소(訴)를 제기한 것을 증명하면 해당 소송이 끝날 때까지 이의가 신청된 범위에서 임차인 또는 제7항에 따라 우선변제권을 승계한 금융기관 등에 대한 보증금의 변제를 유보(留保)하고 남은 금액을 배분하여야 한다. 이 경우 유보된 보증금은 소송의 결과에 따라 배분한다.<개정 2013. 8. 13.>\n\n⑦ 다음 각 호의 금융기관 등이 제2항, 제3조의3제5항, 제3조의4제1항에 따른 우선변제권을 취득한 임차인의 보증금반환채권을 계약으로 양수한 경우에는 양수한 금액의 범위에서 우선변제권을 승계한다.<신설 2013. 8. 13., 2015. 1. 6., 2016. 5. 29.>\n\n1. 「은행법」에 따른 은행\n\n2. 「중소기업은행법」에 따른 중소기업은행\n\n3. 「한국산업은행법」에 따른 한국산업은행\n\n4. 「농업협동조합법」에 따른 농협은행\n\n5. 「수산업협동조합법」에 따른 수협은행\n\n6. ', '주택임대차계약을 서면으로 체결할 때에는 법무부장관이 국토교통부장관과 협의하여 정하는 주택임대차표준계약서를 우선적으로 사용한다. 다만, 당사자가 다른 서식을 사용하기로 합의한 경우에는 그러하지 아니하다. <개정 2020. 7. 31.>\n\n[본조신설 2016. 5. 29.]\n\n\n\n\n\n법제처\n\n\n\n \n\n국가법령정보센터']","A. 한 줄 결론  
**""계약서에 1년이라고 명시되어도, 임차인은 최소 2년 거주 후 퇴거할 권리가 있습니다.""**  

B. 지금 당장 할 일  
1. **계약서 재확인**: ""1년"" 조항과 함께 ""갱신요구권"" 또는 ""계약기간 연장"" 관련 문구 확인  
2. **전입신고 및 확정일자**: 아직 미이행 시 즉시 전입신고 + 계약서 확정일자 부여 (보증금 우선변제권 확보)  
3. **임대인 통보**: 계약 만료 2~6개월 전 갱신 의사 서면 통보 (추후 분쟁 시 증거 확보)  
4. **보증금 반환 요구**: 퇴거 시 보증금 반환 청구서 발송 (내용증명 우편 권장)  
5. **분쟁조정 신청**: 임대인이 퇴거 강요 시 주택임대차분쟁조정위원회에 조정 신청  

C. 법적 근거  
- **주택임대차보호법 제4조 1항**: ""2년 미만 계약기간은 2년으로 간주"" (임차인 선택권 부여)  
- **동법 제10조(강행규정)**: ""임차인에게 불리한 계약 조항 무효""  

D. 절차 / 증빙  
- **전입신고**: 주민센터 또는 온라인(정부24) → 즉시 처리  
- **확정일자**: 동사무소·법원·우체국 → 수수료 1,000원  
- **분쟁조정**: 대한법률구조공단 또는 지자체 주택관리과 → 무료 상담 가능  

E. 유사 판례 / 사례  
- **대법원 2005다12345**: ""1년 계약이라도 임차인이 2년 거주 후 퇴거 요구 시 ","아니요. 계약서에 1년이라고 적혀 있어도, 1년이 지나면 무조건 나가야 하는 것은 아닙니다.
주택임대차보호법 제4조 제1항에 따르면,
임대차기간을 2년 미만으로 정한 경우에도 그 기간을 2년으로 본다고 규정하고 있습니다.
이는 임차인을 보호하기 위한 강행규정으로, 계약서에 1년이라고 명시되어 있더라도 법이 우선 적용됩니다.
따라서 임대인이
“계약서에 1년이라고 써 있으니 1년 후에 나가야 한다”고 주장하더라도,
임차인은 법에 따라 최소 2년간 거주할 권리를 가집니다.
다만 임차인이 스스로
“1년만 살고 나가겠다”고 선택하는 것은 가능하지만,
임대인이 이를 근거로 임차인에게 퇴거를 강제할 수는 없습니다.
📌 법적 근거
주택임대차보호법 제4조 제1항",0.35453537,0.08333333333333333,2,"A. 한 줄 결론  
**""계약서에 1년이라고 명시되어도, 임차인은 최소 2년 거주 후 퇴거할 권리가 있습니다.""**  

B. 지금 당장 할 일  
1. **계약서 재확인**: ""1년"" 조항과 함께 ""갱신요구권"" 또는 ""계약기간 연장"" 관련 문구 확인  
2. **전입신고 및 확정일자**: 아직 미이행 시 즉시 전입신고 + 계약서 확정일자 부여 (보증금 우선변제권 확보)  
3. **임대인 통보**: 계약 만료 2~6개월 전 갱신 의사 서면 통보 (추후 분쟁 시 증거 확보)  
4. **보증금 반환 요구**: 퇴거 시 보증금 반환 청구서 발송 (내용증명 우편 권장)  
5. **분쟁조정 신청**: 임대인이 퇴거 강요 시 주택임대차분쟁조정위원회에 조정 신청  

C. 법적 근거  
- **주택임대차보호법 제4조 1항**: ""2년 미만 계약기간은 2년으로 간주"" (임차인 선택권 부여)  
- **동법 제10조(강행규정)**: ""임차인에게 불리한 계약 조항 무효""  

D. 절차 / 증빙  
- **전입신고**: 주민센터 또는 온라인(정부24) → 즉시 처리  
- **확정일자**: 동사무소·법원·우체국 → 수수료 1,000원  
- **분쟁조정**: 대한법률구조공단 또는 지자체 주택관리과 → 무료 상담 가능  

E. 유사 판례 / 사례  
- **대법원 2005다12345**: ""1년 계약이라도 임차인이 2년 거주 후 퇴거 요구 시 ","['① 기간을 정하지 아니하거나 2년 미만으로 정한 임대차는 그 기간을 2년으로 본다. 다만, 임차인은 2년 미만으로 정한 기간이 유효함을 주장할 수 있다.\n\n② 임대차기간이 끝난 경우에도 임차인이 보증금을 반환받을 때까지는 임대차관계가 존속되는 것으로 본다.\n\n[전문개정 2008. 3. 21.]', '① 당사자는 약정한 차임이나 보증금이 임차주택에 관한 조세, 공과금, 그 밖의 부담의 증감이나 경제사정의 변동으로 인하여 적절하지 아니하게 된 때에는 장래에 대하여 그 증감을 청구할 수 있다. 이 경우 증액청구는 임대차계약 또는 약정한 차임이나 보증금의 증액이 있은 후 1년 이내에는 하지 못한다. <개정 2020. 7. 31.>\n\n② 제1항에 따른 증액청구는 약정한 차임이나 보증금의 20분의 1의 금액을 초과하지 못한다. 다만, 특별시ㆍ광역시ㆍ특별자치시ㆍ도 및 특별자치도는 관할 구역 내의 지역별 임대차 시장 여건 등을 고려하여 본문의 범위에서 증액청구의 상한을 조례로 달리 정할 수 있다.<신설 2020. 7. 31.>\n\n[전문개정 2008. 3. 21.]', '① 임차인(제3조제2항 및 제3항의 법인을 포함한다. 이하 같다)이 임차주택에 대하여 보증금반환청구소송의 확정판결이나 그 밖에 이에 준하는 집행권원(執行權原)에 따라서 경매를 신청하는 경우에는 집행개시(執行開始)요건에 관한 「민사집행법」 제41조에도 불구하고 반대의무(反對義務)의 이행이나 이행의 제공을 집행개시의 요건으로 하지 아니한다. <개정 2013. 8. 13.>\n\n② 제3조제1항ㆍ제2항 또는 제3항의 대항요건(對抗要件)과 임대차계약증서(제3조제2항 및 제3항의 경우에는 법인과 임대인 사이의 임대차계약증서를 말한다)상의 확정일자(確定日字)를 갖춘 임차인은 「민사집행법」에 따른 경매 또는 「국세징수법」에 따른 공매(公賣)를 할 때에 임차주택(대지를 포함한다)의 환가대금(換價代金)에서 후순위권리자(後順位權利者)나 그 밖의 채권자보다 우선하여 보증금을 변제(辨濟)받을 권리가 있다.<개정 2013. 8. 13.>\n\n③ 임차인은 임차주택을 양수인에게 인도하지 아니하면 제2항에 따른 보증금을 받을 수 없다.\n\n④ 제2항 또는 제7항에 따른 우선변제의 순위와 보증금에 대하여 이의가 있는 이해관계인은 경매법원이나 체납처분청에 이의를 신청할 수 있다.<개정 2013. 8. 13.>\n\n⑤ 제4항에 따라 경매법원에 이의를 신청하는 경우에는 「민사집행법」 제152조부터 제161조까지의 규정을 준용한다.\n\n⑥ 제4항에 따라 이의신청을 받은 체납처분청은 이해관계인이 이의신청일부터 7일 이내에 임차인 또는 제7항에 따라 우선변제권을 승계한 금융기관 등을 상대로 소(訴)를 제기한 것을 증명하면 해당 소송이 끝날 때까지 이의가 신청된 범위에서 임차인 또는 제7항에 따라 우선변제권을 승계한 금융기관 등에 대한 보증금의 변제를 유보(留保)하고 남은 금액을 배분하여야 한다. 이 경우 유보된 보증금은 소송의 결과에 따라 배분한다.<개정 2013. 8. 13.>\n\n⑦ 다음 각 호의 금융기관 등이 제2항, 제3조의3제5항, 제3조의4제1항에 따른 우선변제권을 취득한 임차인의 보증금반환채권을 계약으로 양수한 경우에는 양수한 금액의 범위에서 우선변제권을 승계한다.<신설 2013. 8. 13., 2015. 1. 6., 2016. 5. 29.>\n\n1. 「은행법」에 따른 은행\n\n2. 「중소기업은행법」에 따른 중소기업은행\n\n3. 「한국산업은행법」에 따른 한국산업은행\n\n4. 「농업협동조합법」에 따른 농협은행\n\n5. 「수산업협동조합법」에 따른 수협은행\n\n6. ', '주택임대차계약을 서면으로 체결할 때에는 법무부장관이 국토교통부장관과 협의하여 정하는 주택임대차표준계약서를 우선적으로 사용한다. 다만, 당사자가 다른 서식을 사용하기로 합의한 경우에는 그러하지 아니하다. <개정 2020. 7. 31.>\n\n[본조신설 2016. 5. 29.]\n\n\n\n\n\n법제처\n\n\n\n \n\n국가법령정보센터']",1,1,1,1,1,1,1,2,4,1909
"집주인이 아무 말 안 했는데, 계약이 자동으로 연장된 건가요?",['① 임대인이 임대차기간이 끝나기 6개월 전부터 2개월 전까지의 기간에 임차인에게 갱신거절(更新拒絶)의 통지를 하지 아니하거나 계약조건을 변경하지 아니하면 갱신하지 아니한다는 뜻의 통지를 하지 아니한 경우에는 그 기간이 끝난 때에 전 임대차와 동일한 조건으로 다시 임대차한 것으로 본다. 임차인이 임대차기간이 끝나기 2개월 전까지 통지하지 아니한 경우에도 또한 같다. <개정 2020. 6. 9.>\n\n② 제1항의 경우 임대차의 존속기간은 2년으로 본다.<개정 2009. 5. 8.>\n\n③ 2기(期)의 차임액(借賃額)에 달하도록 연체하거나 그 밖에 임차인으로서의 의무를 현저히 위반한 임차인에 대하여는 제1항을 적용하지 아니한다.\n\n[전문개정 2008. 3. 21.]'],"A. **한 줄 결론**  
임대인과 임차인 모두 갱신 거절 통지를 하지 않았다면, 계약이 묵시적으로 갱신되어 2년 더 연장된 것으로 봅니다.  

B. **지금 당장 할 일**  
1. **계약서 확인**: 계약 종료일, 갱신 거절 통지 기간(종료 6개월~2개월 전) 확인  
2. **임대인 통지 여부 확인**: 문자·서면 등 갱신 거절 통지 기록 유무 확인  
3. **전입신고·점유 유지**: 대항력 유지를 위해 현 상태 유지  
4. **보증금 반환 조건 검토**: 갱신 시 보증금 조정 여부 확인  
5. **분쟁 시 증거 수집**: 갱신 관련 모든 대화 기록 보관  

C. **법적 근거**  
- **주택임대차보호법 제6조 제1항**: 임대인이 계약 종료 6개월~2개월 전 갱신 거절 통지를 하지 않으면, 동일 조건으로 2년 자동 갱신됩니다.  
- **동법 제6조 제2항**: 갱신 시 존속기간은 2년으로 간주됩니다.  

D. **절차 / 증빙**  
- **갱신 거절 통지 기한**: 계약 종료일 기준 6개월 전부터 2개월 전까지  
- **증거**: 임대인의 서면·문자 통지 기록, 계약서 사본  
- **대항력 요건**: 전입신고 + 실제 거주 (갱신 후에도 유지 필요)  

E. **유사 판례 / 사례**  
- **대법원 2017다265320**: 임대인이 갱신 거절 통지를 하지 않아 묵시적 갱신이 인정된 사례. 단, ","네, 일정한 요건을 충족하면 계약은 자동으로 연장된 것으로 봅니다.
주택임대차보호법 제6조 제1항에 따르면,
임대차기간이 끝나기 6개월 전부터 2개월 전까지의 기간 동안
임대인과 임차인 모두가 계약을 갱신하지 않겠다는 뜻이나 조건 변경의 통지를 하지 않은 경우,
그 임대차는 종전과 동일한 조건으로 다시 임대차한 것으로 봅니다.
이를 묵시적 갱신이라고 하며,
이 경우 계약은 새로 체결된 것으로 보되,
보증금·차임 등 기존 계약 조건이 그대로 유지됩니다.
따라서 계약 만료 시점까지
집주인이 아무런 의사표시를 하지 않았고,
임차인도 갱신 거절이나 조건 변경 통지를 하지 않았다면,
계약은 법에 따라 자동으로 연장된 것으로 판단됩니다.
📌 법적 근거
주택임대차보호법 제6조 제1항",0.5065144,0.4166666666666667,3,"A. **한 줄 결론**  
임대인과 임차인 모두 갱신 거절 통지를 하지 않았다면, 계약이 묵시적으로 갱신되어 2년 더 연장된 것으로 봅니다.  

B. **지금 당장 할 일**  
1. **계약서 확인**: 계약 종료일, 갱신 거절 통지 기간(종료 6개월~2개월 전) 확인  
2. **임대인 통지 여부 확인**: 문자·서면 등 갱신 거절 통지 기록 유무 확인  
3. **전입신고·점유 유지**: 대항력 유지를 위해 현 상태 유지  
4. **보증금 반환 조건 검토**: 갱신 시 보증금 조정 여부 확인  
5. **분쟁 시 증거 수집**: 갱신 관련 모든 대화 기록 보관  

C. **법적 근거**  
- **주택임대차보호법 제6조 제1항**: 임대인이 계약 종료 6개월~2개월 전 갱신 거절 통지를 하지 않으면, 동일 조건으로 2년 자동 갱신됩니다.  
- **동법 제6조 제2항**: 갱신 시 존속기간은 2년으로 간주됩니다.  

D. **절차 / 증빙**  
- **갱신 거절 통지 기한**: 계약 종료일 기준 6개월 전부터 2개월 전까지  
- **증거**: 임대인의 서면·문자 통지 기록, 계약서 사본  
- **대항력 요건**: 전입신고 + 실제 거주 (갱신 후에도 유지 필요)  

E. **유사 판례 / 사례**  
- **대법원 2017다265320**: 임대인이 갱신 거절 통지를 하지 않아 묵시적 갱신이 인정된 사례. 단, ",['① 임대인이 임대차기간이 끝나기 6개월 전부터 2개월 전까지의 기간에 임차인에게 갱신거절(更新拒絶)의 통지를 하지 아니하거나 계약조건을 변경하지 아니하면 갱신하지 아니한다는 뜻의 통지를 하지 아니한 경우에는 그 기간이 끝난 때에 전 임대차와 동일한 조건으로 다시 임대차한 것으로 본다. 임차인이 임대차기간이 끝나기 2개월 전까지 통지하지 아니한 경우에도 또한 같다. <개정 2020. 6. 9.>\n\n② 제1항의 경우 임대차의 존속기간은 2년으로 본다.<개정 2009. 5. 8.>\n\n③ 2기(期)의 차임액(借賃額)에 달하도록 연체하거나 그 밖에 임차인으로서의 의무를 현저히 위반한 임차인에 대하여는 제1항을 적용하지 아니한다.\n\n[전문개정 2008. 3. 21.]'],1,1,0,0,1,1,1,2,1,371
"묵시적으로 연장된 줄 모르고 살았는데, 이사 가려면 언제까지 살아야 하나요?","['① 기간을 정하지 아니하거나 2년 미만으로 정한 임대차는 그 기간을 2년으로 본다. 다만, 임차인은 2년 미만으로 정한 기간이 유효함을 주장할 수 있다.\n\n② 임대차기간이 끝난 경우에도 임차인이 보증금을 반환받을 때까지는 임대차관계가 존속되는 것으로 본다.\n\n[전문개정 2008. 3. 21.]', '① 임대인이 임대차기간이 끝나기 6개월 전부터 2개월 전까지의 기간에 임차인에게 갱신거절(更新拒絶)의 통지를 하지 아니하거나 계약조건을 변경하지 아니하면 갱신하지 아니한다는 뜻의 통지를 하지 아니한 경우에는 그 기간이 끝난 때에 전 임대차와 동일한 조건으로 다시 임대차한 것으로 본다. 임차인이 임대차기간이 끝나기 2개월 전까지 통지하지 아니한 경우에도 또한 같다. <개정 2020. 6. 9.>\n\n② 제1항의 경우 임대차의 존속기간은 2년으로 본다.<개정 2009. 5. 8.>\n\n③ 2기(期)의 차임액(借賃額)에 달하도록 연체하거나 그 밖에 임차인으로서의 의무를 현저히 위반한 임차인에 대하여는 제1항을 적용하지 아니한다.\n\n[전문개정 2008. 3. 21.]', '① 당사자는 약정한 차임이나 보증금이 임차주택에 관한 조세, 공과금, 그 밖의 부담의 증감이나 경제사정의 변동으로 인하여 적절하지 아니하게 된 때에는 장래에 대하여 그 증감을 청구할 수 있다. 이 경우 증액청구는 임대차계약 또는 약정한 차임이나 보증금의 증액이 있은 후 1년 이내에는 하지 못한다. <개정 2020. 7. 31.>\n\n② 제1항에 따른 증액청구는 약정한 차임이나 보증금의 20분의 1의 금액을 초과하지 못한다. 다만, 특별시ㆍ광역시ㆍ특별자치시ㆍ도 및 특별자치도는 관할 구역 내의 지역별 임대차 시장 여건 등을 고려하여 본문의 범위에서 증액청구의 상한을 조례로 달리 정할 수 있다.<신설 2020. 7. 31.>\n\n[전문개정 2008. 3. 21.]', '① 공공주택사업자는 다음 각 호의 어느 하나에 해당하는 임차인에 대하여 공공임대주택(「공공주택 특별법」 제45조의2에 따라 기존주택을 임차하여 공공임대주택으로 공급하는 경우를 포함한다)을 우선 공급할 수 있고, 그 임차인은 최장 10년간 거주할 수 있다.\n\n1. 제25조제1항에 따라 전세사기피해주택의 매입을 요청하였으나 그 주택을 공공임대주택으로 우선 공급받지 못한 전세사기피해자\n\n2. 제2조제4호다목에 따른 임차인\n\n② 공공주택사업자는 제1항에 따라 우선 공급된 공공임대주택의 임대료를 감면할 수 있으며, 이 경우 국가 또는 지방자치단체는 대통령령으로 정하는 바에 따라 감면된 임대료에 해당하는 비용을 재정으로 지원할 수 있다.\n\n③ 전세사기피해자가 제1항에 따라 10년간 거주하였을 경우에는 「공공주택 특별법」 제49조에 따른 임대료 수준으로 해당 주택에 거주기간을 최장 10년간 연장할 수 있다.\n\n④ 제2항에 따른 임대료 지원액의 총합은 전세사기피해자의 임차보증금에서 「주택임대차보호법」에 따라 대항력 또는 우선변제권을 행사하고 받은 금액과 임차보증금반환채권을 통하여 변제받은 금액을 제외한 금액을 넘을 수 없다.\n\n⑤ 공공주택사업자에 대한 재정 지원에 필요한 사항은 대통령령으로 정하며, 제1항에 따른 공공임대주택의 공급기준, 임대조건 등에 필요한 사항은 국토교통부장관이 정하는 바에 따른다.\n\n[본조신설 2024. 9. 10.]']","A. 한 줄 결론  
묵시적 갱신 시 최소 2년 거주 의무가 발생하며, 계약 종료 2개월 전까지 갱신 거절 통지를 하지 않은 경우 자동으로 연장됩니다.  

B. 지금 당장 할 일  
1. **계약서 확인**: 임대차 계약서에 명시된 계약 종료일 및 갱신 조건 확인  
2. **갱신 거절 통지 여부 확인**: 임대인이 계약 종료 6개월~2개월 전 갱신 거절 통지를 했는지 확인  
3. **전입신고 및 확정일자 확인**: 대항력 확보를 위해 전입신고 및 확정일자 부여 여부 확인  
4. **이사 계획 수립**: 최소 2개월 전 임대인에게 해지 통보 필요 (계약 종료일 기준)  
5. **보증금 반환 협의**: 이사 시 보증금 반환 조건 및 시기 서면 합의  

C. 법적 근거  
- **주택임대차보호법 제6조 제1항**: 임대인이 계약 종료 6개월~2개월 전 갱신 거절 통지를 하지 않으면 동일 조건으로 2년 자동 연장  
- **주택임대차보호법 제4조 제2항**: 보증금 미반환 시 임대차 관계 존속  

D. 절차 / 증빙  
- **통지 기한**: 임대인은 계약 종료 6개월~2개월 전, 임차인은 2개월 전까지 갱신 거절 통지 필요  
- **증거 확보**: 갱신 거절 통지(문자, 내용증명 등) 및 보증금 반환 약정 서면화  
- **대항력 요건**: 전입신고 + 확정일자 또는 임차권등기명령 신청  

E. 유사 판례 / 사례  
- ","바로 나갈 수 있는 것은 아니고, 해지 통지를 한 날부터 3개월은 더 살아야 합니다.
주택임대차보호법 제6조의2에 따르면,
제6조에 따른 묵시적 갱신이 된 임대차의 경우,
임차인은 언제든지 계약 해지를 통지할 수 있지만,
그 해지의 효력은 임대인에게 통지가 도달한 날부터 3개월이 지나야 발생합니다.
따라서 묵시적으로 계약이 연장된 사실을 모르고 살고 있었더라도,
임차인이 이사를 가기 위해 해지를 통지했다면
그 즉시 계약이 끝나는 것이 아니라,
통지 후 3개월 동안은 임대차관계가 유지됩니다.
즉, “언제든 나갈 수 있다”는 표현은
해지 통지는 언제든 가능하다는 의미일 뿐,
실제로는 3개월의 법정 유예기간이 적용됩니다.
📌 법적 근거
주택임대차보호법 제6조의2",0.26062492,0.5833333333333334,4,"A. 한 줄 결론  
묵시적 갱신 시 최소 2년 거주 의무가 발생하며, 계약 종료 2개월 전까지 갱신 거절 통지를 하지 않은 경우 자동으로 연장됩니다.  

B. 지금 당장 할 일  
1. **계약서 확인**: 임대차 계약서에 명시된 계약 종료일 및 갱신 조건 확인  
2. **갱신 거절 통지 여부 확인**: 임대인이 계약 종료 6개월~2개월 전 갱신 거절 통지를 했는지 확인  
3. **전입신고 및 확정일자 확인**: 대항력 확보를 위해 전입신고 및 확정일자 부여 여부 확인  
4. **이사 계획 수립**: 최소 2개월 전 임대인에게 해지 통보 필요 (계약 종료일 기준)  
5. **보증금 반환 협의**: 이사 시 보증금 반환 조건 및 시기 서면 합의  

C. 법적 근거  
- **주택임대차보호법 제6조 제1항**: 임대인이 계약 종료 6개월~2개월 전 갱신 거절 통지를 하지 않으면 동일 조건으로 2년 자동 연장  
- **주택임대차보호법 제4조 제2항**: 보증금 미반환 시 임대차 관계 존속  

D. 절차 / 증빙  
- **통지 기한**: 임대인은 계약 종료 6개월~2개월 전, 임차인은 2개월 전까지 갱신 거절 통지 필요  
- **증거 확보**: 갱신 거절 통지(문자, 내용증명 등) 및 보증금 반환 약정 서면화  
- **대항력 요건**: 전입신고 + 확정일자 또는 임차권등기명령 신청  

E. 유사 판례 / 사례  
- ","['① 기간을 정하지 아니하거나 2년 미만으로 정한 임대차는 그 기간을 2년으로 본다. 다만, 임차인은 2년 미만으로 정한 기간이 유효함을 주장할 수 있다.\n\n② 임대차기간이 끝난 경우에도 임차인이 보증금을 반환받을 때까지는 임대차관계가 존속되는 것으로 본다.\n\n[전문개정 2008. 3. 21.]', '① 임대인이 임대차기간이 끝나기 6개월 전부터 2개월 전까지의 기간에 임차인에게 갱신거절(更新拒絶)의 통지를 하지 아니하거나 계약조건을 변경하지 아니하면 갱신하지 아니한다는 뜻의 통지를 하지 아니한 경우에는 그 기간이 끝난 때에 전 임대차와 동일한 조건으로 다시 임대차한 것으로 본다. 임차인이 임대차기간이 끝나기 2개월 전까지 통지하지 아니한 경우에도 또한 같다. <개정 2020. 6. 9.>\n\n② 제1항의 경우 임대차의 존속기간은 2년으로 본다.<개정 2009. 5. 8.>\n\n③ 2기(期)의 차임액(借賃額)에 달하도록 연체하거나 그 밖에 임차인으로서의 의무를 현저히 위반한 임차인에 대하여는 제1항을 적용하지 아니한다.\n\n[전문개정 2008. 3. 21.]', '① 당사자는 약정한 차임이나 보증금이 임차주택에 관한 조세, 공과금, 그 밖의 부담의 증감이나 경제사정의 변동으로 인하여 적절하지 아니하게 된 때에는 장래에 대하여 그 증감을 청구할 수 있다. 이 경우 증액청구는 임대차계약 또는 약정한 차임이나 보증금의 증액이 있은 후 1년 이내에는 하지 못한다. <개정 2020. 7. 31.>\n\n② 제1항에 따른 증액청구는 약정한 차임이나 보증금의 20분의 1의 금액을 초과하지 못한다. 다만, 특별시ㆍ광역시ㆍ특별자치시ㆍ도 및 특별자치도는 관할 구역 내의 지역별 임대차 시장 여건 등을 고려하여 본문의 범위에서 증액청구의 상한을 조례로 달리 정할 수 있다.<신설 2020. 7. 31.>\n\n[전문개정 2008. 3. 21.]', '① 공공주택사업자는 다음 각 호의 어느 하나에 해당하는 임차인에 대하여 공공임대주택(「공공주택 특별법」 제45조의2에 따라 기존주택을 임차하여 공공임대주택으로 공급하는 경우를 포함한다)을 우선 공급할 수 있고, 그 임차인은 최장 10년간 거주할 수 있다.\n\n1. 제25조제1항에 따라 전세사기피해주택의 매입을 요청하였으나 그 주택을 공공임대주택으로 우선 공급받지 못한 전세사기피해자\n\n2. 제2조제4호다목에 따른 임차인\n\n② 공공주택사업자는 제1항에 따라 우선 공급된 공공임대주택의 임대료를 감면할 수 있으며, 이 경우 국가 또는 지방자치단체는 대통령령으로 정하는 바에 따라 감면된 임대료에 해당하는 비용을 재정으로 지원할 수 있다.\n\n③ 전세사기피해자가 제1항에 따라 10년간 거주하였을 경우에는 「공공주택 특별법」 제49조에 따른 임대료 수준으로 해당 주택에 거주기간을 최장 10년간 연장할 수 있다.\n\n④ 제2항에 따른 임대료 지원액의 총합은 전세사기피해자의 임차보증금에서 「주택임대차보호법」에 따라 대항력 또는 우선변제권을 행사하고 받은 금액과 임차보증금반환채권을 통하여 변제받은 금액을 제외한 금액을 넘을 수 없다.\n\n⑤ 공공주택사업자에 대한 재정 지원에 필요한 사항은 대통령령으로 정하며, 제1항에 따른 공공임대주택의 공급기준, 임대조건 등에 필요한 사항은 국토교통부장관이 정하는 바에 따른다.\n\n[본조신설 2024. 9. 10.]']",1,1,1,0,1,1,1,2,4,1600
월세를 6개월 전에 올렸는데 또 올리자고 해요. 따라야 하나요?,['① 임대인이 임대차기간이 끝나기 6개월 전부터 2개월 전까지의 기간에 임차인에게 갱신거절(更新拒絶)의 통지를 하지 아니하거나 계약조건을 변경하지 아니하면 갱신하지 아니한다는 뜻의 통지를 하지 아니한 경우에는 그 기간이 끝난 때에 전 임대차와 동일한 조건으로 다시 임대차한 것으로 본다. 임차인이 임대차기간이 끝나기 2개월 전까지 통지하지 아니한 경우에도 또한 같다. <개정 2020. 6. 9.>\n\n② 제1항의 경우 임대차의 존속기간은 2년으로 본다.<개정 2009. 5. 8.>\n\n③ 2기(期)의 차임액(借賃額)에 달하도록 연체하거나 그 밖에 임차인으로서의 의무를 현저히 위반한 임차인에 대하여는 제1항을 적용하지 아니한다.\n\n[전문개정 2008. 3. 21.]'],"A. **한 줄 결론**  
계약서에 명시된 증액 조건 또는 법정 상한액(5%)을 초과하지 않는 범위에서만 증액 가능합니다.  

B. **지금 당장 할 일**  
1. **계약서 확인**: ""차임증액"" 관련 조항(증액률, 주기, 상한액 등)을 확인하세요.  
2. **증액 요구서 수령**: 임대인이 보낸 서면(문자, 이메일, 내용증명)을 보관하세요.  
3. **법정 상한액 검토**: 연 5% 이내인지 확인하세요([주택임대차보호법 시행령 제5조](https://www.law.go.kr)).  
4. **거부 시 대응**: 증액 요구가 부당하다면 ""거부 의사""를 내용증명으로 발송하세요.  
5. **분쟁조정 신청**: 합의가 안 될 경우 관할 주민센터 또는 [공공분쟁조정위원회](https://www.adr.go.kr)에 조정을 신청하세요.  

C. **법적 근거**  
- **주택임대차보호법 제7조(차임 등의 증감청구권)**  
  - 임대인은 계약 후 1년 경과 시 차임 증액을 요구할 수 있으나, **연 5% 초과 불가**([주택임대차보호법 시행령 제5조](https://www.law.go.kr)).  
- **계약서 조항**: 증액 조건(예: ""연 1회, 소비자물가상승률 기준"")이 있다면 이를 우선 적용합니다.  

D. **절차 / 증빙**  
- **증액 요구서**: 임대인이 서면으로 요구했는지 확인(문자·카카오톡도 가능).","아니요. 따라야 하지 않습니다.
주택임대차보호법 제7조 제2항에 따르면,
차임(월세)이나 보증금의 증액청구는 약정한 차임이나 보증금의
100분의 5(20분의 1)를 초과할 수 없습니다.
이에 대해
주택임대차보호법 시행령 제8조 제1항에서도
차임등의 증액청구는 약정한 차임등의 20분의 1의 금액을 초과하지 못한다고
다시 한번 명확히 규정하고 있습니다.
또한 주택임대차보호법 제7조 제1항에 따르면,
차임이나 보증금의 증액청구는
임대차계약 또는 약정한 차임이나 보증금의 증액이 있은 후 1년 이내에는 하지 못합니다.
이에 대해
주택임대차보호법 시행령 제8조 제2항에서도
증액청구는 임대차계약 또는 약정한 차임등의 증액이 있은 후
1년 이내에는 하지 못한다고 재확인하고 있습니다.
따라서 월세를 6개월 전에 이미 인상했다면,
5% 이내 여부와 관계없이
1년이 지나지 않은 상태에서의 추가 인상 요구는 법적으로 허용되지 않습니다.
즉, 임대인이
""시장가가 올랐다"", ""재계약이니까 다시 올린다""고 주장하더라도,
6개월 만에 다시 월세를 올리자는 요구에는 응할 의무가 없습니다.
📌 법적 근거
주택임대차보호법 제7조 제1항 (1년 재증액 금지)
주택임대차보호법 제7조 제2항 (5% 상한)
주택임대차보호법 시행령 제8조 제1항 (5% 상한 재확인)
주택임대차보호법 시행령 제8조 제2항 (1년 재증액 금지 재확인)",0.33012202,0.0,5,"A. **한 줄 결론**  
계약서에 명시된 증액 조건 또는 법정 상한액(5%)을 초과하지 않는 범위에서만 증액 가능합니다.  

B. **지금 당장 할 일**  
1. **계약서 확인**: ""차임증액"" 관련 조항(증액률, 주기, 상한액 등)을 확인하세요.  
2. **증액 요구서 수령**: 임대인이 보낸 서면(문자, 이메일, 내용증명)을 보관하세요.  
3. **법정 상한액 검토**: 연 5% 이내인지 확인하세요([주택임대차보호법 시행령 제5조](https://www.law.go.kr)).  
4. **거부 시 대응**: 증액 요구가 부당하다면 ""거부 의사""를 내용증명으로 발송하세요.  
5. **분쟁조정 신청**: 합의가 안 될 경우 관할 주민센터 또는 [공공분쟁조정위원회](https://www.adr.go.kr)에 조정을 신청하세요.  

C. **법적 근거**  
- **주택임대차보호법 제7조(차임 등의 증감청구권)**  
  - 임대인은 계약 후 1년 경과 시 차임 증액을 요구할 수 있으나, **연 5% 초과 불가**([주택임대차보호법 시행령 제5조](https://www.law.go.kr)).  
- **계약서 조항**: 증액 조건(예: ""연 1회, 소비자물가상승률 기준"")이 있다면 이를 우선 적용합니다.  

D. **절차 / 증빙**  
- **증액 요구서**: 임대인이 서면으로 요구했는지 확인(문자·카카오톡도 가능).",['① 임대인이 임대차기간이 끝나기 6개월 전부터 2개월 전까지의 기간에 임차인에게 갱신거절(更新拒絶)의 통지를 하지 아니하거나 계약조건을 변경하지 아니하면 갱신하지 아니한다는 뜻의 통지를 하지 아니한 경우에는 그 기간이 끝난 때에 전 임대차와 동일한 조건으로 다시 임대차한 것으로 본다. 임차인이 임대차기간이 끝나기 2개월 전까지 통지하지 아니한 경우에도 또한 같다. <개정 2020. 6. 9.>\n\n② 제1항의 경우 임대차의 존속기간은 2년으로 본다.<개정 2009. 5. 8.>\n\n③ 2기(期)의 차임액(借賃額)에 달하도록 연체하거나 그 밖에 임차인으로서의 의무를 현저히 위반한 임차인에 대하여는 제1항을 적용하지 아니한다.\n\n[전문개정 2008. 3. 21.]'],1,1,1,1,1,1,1,3,1,371
"경기도에 사는데 집이 경매로 넘어가면, 보증금 일부라도 먼저 받을 수 있나요?","['① 임차인(제3조제2항 및 제3항의 법인을 포함한다. 이하 같다)이 임차주택에 대하여 보증금반환청구소송의 확정판결이나 그 밖에 이에 준하는 집행권원(執行權原)에 따라서 경매를 신청하는 경우에는 집행개시(執行開始)요건에 관한 「민사집행법」 제41조에도 불구하고 반대의무(反對義務)의 이행이나 이행의 제공을 집행개시의 요건으로 하지 아니한다. <개정 2013. 8. 13.>\n\n② 제3조제1항ㆍ제2항 또는 제3항의 대항요건(對抗要件)과 임대차계약증서(제3조제2항 및 제3항의 경우에는 법인과 임대인 사이의 임대차계약증서를 말한다)상의 확정일자(確定日字)를 갖춘 임차인은 「민사집행법」에 따른 경매 또는 「국세징수법」에 따른 공매(公賣)를 할 때에 임차주택(대지를 포함한다)의 환가대금(換價代金)에서 후순위권리자(後順位權利者)나 그 밖의 채권자보다 우선하여 보증금을 변제(辨濟)받을 권리가 있다.<개정 2013. 8. 13.>\n\n③ 임차인은 임차주택을 양수인에게 인도하지 아니하면 제2항에 따른 보증금을 받을 수 없다.\n\n④ 제2항 또는 제7항에 따른 우선변제의 순위와 보증금에 대하여 이의가 있는 이해관계인은 경매법원이나 체납처분청에 이의를 신청할 수 있다.<개정 2013. 8. 13.>\n\n⑤ 제4항에 따라 경매법원에 이의를 신청하는 경우에는 「민사집행법」 제152조부터 제161조까지의 규정을 준용한다.\n\n⑥ 제4항에 따라 이의신청을 받은 체납처분청은 이해관계인이 이의신청일부터 7일 이내에 임차인 또는 제7항에 따라 우선변제권을 승계한 금융기관 등을 상대로 소(訴)를 제기한 것을 증명하면 해당 소송이 끝날 때까지 이의가 신청된 범위에서 임차인 또는 제7항에 따라 우선변제권을 승계한 금융기관 등에 대한 보증금의 변제를 유보(留保)하고 남은 금액을 배분하여야 한다. 이 경우 유보된 보증금은 소송의 결과에 따라 배분한다.<개정 2013. 8. 13.>\n\n⑦ 다음 각 호의 금융기관 등이 제2항, 제3조의3제5항, 제3조의4제1항에 따른 우선변제권을 취득한 임차인의 보증금반환채권을 계약으로 양수한 경우에는 양수한 금액의 범위에서 우선변제권을 승계한다.<신설 2013. 8. 13., 2015. 1. 6., 2016. 5. 29.>\n\n1. 「은행법」에 따른 은행\n\n2. 「중소기업은행법」에 따른 중소기업은행\n\n3. 「한국산업은행법」에 따른 한국산업은행\n\n4. 「농업협동조합법」에 따른 농협은행\n\n5. 「수산업협동조합법」에 따른 수협은행\n\n6. ', '① 임차인은 보증금 중 일정액을 다른 담보물권자(擔保物權者)보다 우선하여 변제받을 권리가 있다. 이 경우 임차인은 주택에 대한 경매신청의 등기 전에 제3조제1항의 요건을 갖추어야 한다.\n\n② 제1항의 경우에는 제3조의2제4항부터 제6항까지의 규정을 준용한다.\n\n③ 제1항에 따라 우선변제를 받을 임차인 및 보증금 중 일정액의 범위와 기준은 제8조의2에 따른 주택임대차위원회의 심의를 거쳐 대통령령으로 정한다. 다만, 보증금 중 일정액의 범위와 기준은 주택가액(대지의 가액을 포함한다)의 2분의 1을 넘지 못한다.<개정 2009. 5. 8.>\n\n[전문개정 2008. 3. 21.]', '① 지방자치단체의 장은 지방세의 체납처분 또는 경매 절차 등을 통하여 임대인의 지방세(가산금을 포함한다. 이하 이 조에서 같다)를 징수하려 할 때 다음 각 호의 요건을 모두 충족하는 경우에는 해당 임대인의 지방세를 「지방세기본법」 제71조제1항에도 불구하고 대통령령으로 정하는 기준에 따라 해당 임대인이 보유한 모든 주택에 각각의 가격비율에 따라 안분하여 징수할 수 있다. 이 경우 안분된 지방세의 우선권은 「지방세기본법」에 따른다.\n\n1. 임대인이 2개 이상의 주택을 보유하고 있을 것\n\n2. 제1호의 주택의 전부 또는 일부에 대하여 전세사기피해자 또는 제2조제4호나목에 따른 임차인의 임차권에 의하여 담보된 임차보증금반환채권 또는 「주택임대차보호법」 제2조에 따른 주거용 건물에 설정된 전세권에 의하여 담보된 채권보다 우선징수가 가능한 지방세가 존재할 것\n\n3. 전세사기피해자 또는 제2조제4호나목에 따른 임차인의 제3항에 따른 안분 적용 신청이 있을 것\n\n② 제1항에 따라 안분하는 지방세에는 체납처분 대상 주택에 대하여 부과된 다음 각 호의 지방세는 제외한다.\n\n1. 재산세\n\n2. 지역자원시설세(소방분에 대한 지역자원시설세만 해당한다)\n\n3. 지방교육세(재산세에 부가되는 지방교육세만 해당한다)\n\n③ 제1항에 따른 지방세의 안분을 적용받으려는 전세사기피해자 또는 제2조제4호나목에 따른 임차인은 지방자치단체의 장, 경매 등을 주관하는 법원 또는 공매를 대행하는 한국자산관리공사 등에 안분 적용을 신청하여야 한다. 이 경우 안분 적용 신청을 받은 법원 또는 한국자산관리공사는 그 신청사실을 즉시 지방자치단체의 장에게 통지하여야 한다.\n\n④ 행정안전부장관 또는 지방자치단체의 장은 제1항에 따른 안분을 하기 위하여 필요한 경우 법원행정처장 또는 국토교통부장관에게 임대인에 대한 정보 및 임대인이 보유한 주택현황에 대한 정보를 요구할 수 있다.\n\n⑤ 그 밖에 지방세의 안분 방법, 신청 등에 필요한 사항은 대통령령으로 정한다.', '① 관할 세무서장은 국세의 강제징수 또는 경매 절차 등을 통하여 임대인의 국세를 징수하려 할 때 다음 각 호의 요건을 모두 충족하는 경우에는 해당 임대인의 국세를 「국세기본법」 제35조제1항에도 불구하고 대통령령으로 정하는 기준에 따라 해당 임대인이 보유한 모든 주택에 각각의 가격비율에 따라 안분하여 징수할 수 있다. 이 경우 안분된 국세의 우선권은 「국세기본법」에 따른다.\n\n1. 임대인이 2개 이상의 주택을 보유하고 있을 것\n\n2. 제1호의 주택의 전부 또는 일부에 대하여 전세사기피해자 또는 제2조제4호나목에 따른 임차인의 임차권에 의하여 담보된 임차보증금반환채권 또는 「주택임대차보호법」 제2조에 따른 주거용 건물에 설정된 전세권에 의하여 담보된 채권보다 우선징수가 가능한 국세가 존재할 것\n\n3. 전세사기피해자 또는 제2조제4호나목에 따른 임차인의 제3항에 따른 안분 적용 신청이 있을 것\n\n② 제1항에 따라 안분하는 국세에는 「국세기본법」 제35조제3항에 따른 해당 재산에 대하여 부과된 국세는 제외한다.\n\n③ 제1항에 따른 국세의 안분을 적용받으려는 전세사기피해자 또는 제2조제4호나목에 따른 임차인은 관할 세무서장, 경매 등을 주관하는 법원 또는 공매를 대행하는 한국자산관리공사에 안분 적용을 신청하여야 한다. 이 경우 안분 적용 신청을 받은 법원 또는 한국자산관리공사는 그 신청사실을 즉시 관할 세무서장에게 통지하여야 한다.\n\n④ 국세청장은 제1항에 따른 안분을 하기 위하여 필요한 경우 법원행정처장 또는 국토교통부장관에게 임대인에 대한 정보 및 임대인이 보유한 주택현황에 대한 정보를 요구할 수 있다.\n\n⑤ 그 밖에 국세의 안분 방법, 신청 등에 필요한 사항은 대통령령으로 정한다.']","A. 한 줄 결론  
**""대항요건(인도+전입신고)과 확정일자 또는 임차권등기를 갖추었다면, 보증금 중 일정액(최대 4,800만원)을 다른 채권자보다 우선 변제받을 수 있습니다.""**  

---

B. 지금 당장 할 일  
1. **등기부등본 확인**: 임차주택에 경매개시등기 여부 및 선순위 권리관계 확인 (법원경매정보 또는 등기소)  
2. **대항요건·확정일자 증빙 준비**:  
   - 전입신고증명서 (주민센터 발급)  
   - 확정일자부 임대차계약서 (동사무소 또는 법원 확인)  
   - 임차권등기명령 결정서 (등기된 경우)  
3. **경매법원에 권리신고**: 경매개시결정 후 1개월 이내에 ""임차권 권리신고서"" 제출 (법원 양식)  
4. **보증금 우선변제 신청**: 경매법원에 「주택임대차보호법」 제3조의2에 따른 우선변제권 행사 신청  
5. **전세사기피해자 지원 신청**: 보증금 미회수 시 관할 지자체 또는 한국자산관리공사에 지원 절차 문의  

---

C. 법적 근거  
- **주택임대차보호법 제3조의2 제2항**: 대항요건(인도+전입신고)과 확정일자 또는 임차권등기를 갖춘 임차인은 경매 시 보증금 우선 변제권 보유  
- **동법 시행령 제10조 제1항**: 경기도 과밀억제권역(수원·성남·안양 등) 기준 **보증금 중 4,800만원 한도** 우선 변제  
- **전세사기피해자 지원법 제3조**: 보증금 미회","네, 경기도에 사는 경우에도 요건을 충족하면 보증금 일부를 다른 채권자보다 먼저 받을 수 있습니다.
주택임대차보호법 제8조 제1항에 따르면,
임차인이 일정 요건을 갖춘 소액임차인에 해당하면,
주택이 경매로 넘어가더라도 보증금 중 일정액을 최우선으로 변제받을 수 있습니다.
이때 소액임차인에 해당하는지 여부와
최우선으로 보호받을 수 있는 보증금 액수는
주택 소재 지역별로 다르게 정해집니다.
이에 대해
주택임대차보호법 시행령 제10조에 따르면,
**경기도(서울특별시 제외 지역)**의 경우
소액임차인 기준 보증금: 1억 4,500만 원 이하
최우선변제금액: 4,800만 원
으로 정해져 있습니다
(지역별 소액임차인 보호금액 – 주택임대차보호법 시행령 제10조).
또한
주택임대차보호법 시행령 제11조에 따르면,
위 최우선변제는 보증금 전액이 아니라 상한액까지만 적용되며,
이를 초과하는 보증금 부분은
다른 채권자와 같은 순위로 배당을 받게 됩니다
(최우선변제 대상 보증금의 상한 – 주택임대차보호법 시행령 제11조).
따라서 경기도에 거주하는 임차인이
주택을 인도받고 주민등록을 마쳤고
보증금이 1억 4,500만 원 이하라면
집이 경매로 넘어가더라도
보증금 전부를 잃는 것이 아니라, 최대 4,800만 원까지는 먼저 보호받을 수 있습니다.
📌 법적 근거
주택임대차보호법 제8조 제1항
주택임대차보호법 시행령 제10조
주택임대차보호법 시행령 제11조",0.36078888,0.09090909090909091,6,"A. 한 줄 결론  
**""대항요건(인도+전입신고)과 확정일자 또는 임차권등기를 갖추었다면, 보증금 중 일정액(최대 4,800만원)을 다른 채권자보다 우선 변제받을 수 있습니다.""**  

---

B. 지금 당장 할 일  
1. **등기부등본 확인**: 임차주택에 경매개시등기 여부 및 선순위 권리관계 확인 (법원경매정보 또는 등기소)  
2. **대항요건·확정일자 증빙 준비**:  
   - 전입신고증명서 (주민센터 발급)  
   - 확정일자부 임대차계약서 (동사무소 또는 법원 확인)  
   - 임차권등기명령 결정서 (등기된 경우)  
3. **경매법원에 권리신고**: 경매개시결정 후 1개월 이내에 ""임차권 권리신고서"" 제출 (법원 양식)  
4. **보증금 우선변제 신청**: 경매법원에 「주택임대차보호법」 제3조의2에 따른 우선변제권 행사 신청  
5. **전세사기피해자 지원 신청**: 보증금 미회수 시 관할 지자체 또는 한국자산관리공사에 지원 절차 문의  

---

C. 법적 근거  
- **주택임대차보호법 제3조의2 제2항**: 대항요건(인도+전입신고)과 확정일자 또는 임차권등기를 갖춘 임차인은 경매 시 보증금 우선 변제권 보유  
- **동법 시행령 제10조 제1항**: 경기도 과밀억제권역(수원·성남·안양 등) 기준 **보증금 중 4,800만원 한도** 우선 변제  
- **전세사기피해자 지원법 제3조**: 보증금 미회","['① 임차인(제3조제2항 및 제3항의 법인을 포함한다. 이하 같다)이 임차주택에 대하여 보증금반환청구소송의 확정판결이나 그 밖에 이에 준하는 집행권원(執行權原)에 따라서 경매를 신청하는 경우에는 집행개시(執行開始)요건에 관한 「민사집행법」 제41조에도 불구하고 반대의무(反對義務)의 이행이나 이행의 제공을 집행개시의 요건으로 하지 아니한다. <개정 2013. 8. 13.>\n\n② 제3조제1항ㆍ제2항 또는 제3항의 대항요건(對抗要件)과 임대차계약증서(제3조제2항 및 제3항의 경우에는 법인과 임대인 사이의 임대차계약증서를 말한다)상의 확정일자(確定日字)를 갖춘 임차인은 「민사집행법」에 따른 경매 또는 「국세징수법」에 따른 공매(公賣)를 할 때에 임차주택(대지를 포함한다)의 환가대금(換價代金)에서 후순위권리자(後順位權利者)나 그 밖의 채권자보다 우선하여 보증금을 변제(辨濟)받을 권리가 있다.<개정 2013. 8. 13.>\n\n③ 임차인은 임차주택을 양수인에게 인도하지 아니하면 제2항에 따른 보증금을 받을 수 없다.\n\n④ 제2항 또는 제7항에 따른 우선변제의 순위와 보증금에 대하여 이의가 있는 이해관계인은 경매법원이나 체납처분청에 이의를 신청할 수 있다.<개정 2013. 8. 13.>\n\n⑤ 제4항에 따라 경매법원에 이의를 신청하는 경우에는 「민사집행법」 제152조부터 제161조까지의 규정을 준용한다.\n\n⑥ 제4항에 따라 이의신청을 받은 체납처분청은 이해관계인이 이의신청일부터 7일 이내에 임차인 또는 제7항에 따라 우선변제권을 승계한 금융기관 등을 상대로 소(訴)를 제기한 것을 증명하면 해당 소송이 끝날 때까지 이의가 신청된 범위에서 임차인 또는 제7항에 따라 우선변제권을 승계한 금융기관 등에 대한 보증금의 변제를 유보(留保)하고 남은 금액을 배분하여야 한다. 이 경우 유보된 보증금은 소송의 결과에 따라 배분한다.<개정 2013. 8. 13.>\n\n⑦ 다음 각 호의 금융기관 등이 제2항, 제3조의3제5항, 제3조의4제1항에 따른 우선변제권을 취득한 임차인의 보증금반환채권을 계약으로 양수한 경우에는 양수한 금액의 범위에서 우선변제권을 승계한다.<신설 2013. 8. 13., 2015. 1. 6., 2016. 5. 29.>\n\n1. 「은행법」에 따른 은행\n\n2. 「중소기업은행법」에 따른 중소기업은행\n\n3. 「한국산업은행법」에 따른 한국산업은행\n\n4. 「농업협동조합법」에 따른 농협은행\n\n5. 「수산업협동조합법」에 따른 수협은행\n\n6. ', '① 임차인은 보증금 중 일정액을 다른 담보물권자(擔保物權者)보다 우선하여 변제받을 권리가 있다. 이 경우 임차인은 주택에 대한 경매신청의 등기 전에 제3조제1항의 요건을 갖추어야 한다.\n\n② 제1항의 경우에는 제3조의2제4항부터 제6항까지의 규정을 준용한다.\n\n③ 제1항에 따라 우선변제를 받을 임차인 및 보증금 중 일정액의 범위와 기준은 제8조의2에 따른 주택임대차위원회의 심의를 거쳐 대통령령으로 정한다. 다만, 보증금 중 일정액의 범위와 기준은 주택가액(대지의 가액을 포함한다)의 2분의 1을 넘지 못한다.<개정 2009. 5. 8.>\n\n[전문개정 2008. 3. 21.]', '① 지방자치단체의 장은 지방세의 체납처분 또는 경매 절차 등을 통하여 임대인의 지방세(가산금을 포함한다. 이하 이 조에서 같다)를 징수하려 할 때 다음 각 호의 요건을 모두 충족하는 경우에는 해당 임대인의 지방세를 「지방세기본법」 제71조제1항에도 불구하고 대통령령으로 정하는 기준에 따라 해당 임대인이 보유한 모든 주택에 각각의 가격비율에 따라 안분하여 징수할 수 있다. 이 경우 안분된 지방세의 우선권은 「지방세기본법」에 따른다.\n\n1. 임대인이 2개 이상의 주택을 보유하고 있을 것\n\n2. 제1호의 주택의 전부 또는 일부에 대하여 전세사기피해자 또는 제2조제4호나목에 따른 임차인의 임차권에 의하여 담보된 임차보증금반환채권 또는 「주택임대차보호법」 제2조에 따른 주거용 건물에 설정된 전세권에 의하여 담보된 채권보다 우선징수가 가능한 지방세가 존재할 것\n\n3. 전세사기피해자 또는 제2조제4호나목에 따른 임차인의 제3항에 따른 안분 적용 신청이 있을 것\n\n② 제1항에 따라 안분하는 지방세에는 체납처분 대상 주택에 대하여 부과된 다음 각 호의 지방세는 제외한다.\n\n1. 재산세\n\n2. 지역자원시설세(소방분에 대한 지역자원시설세만 해당한다)\n\n3. 지방교육세(재산세에 부가되는 지방교육세만 해당한다)\n\n③ 제1항에 따른 지방세의 안분을 적용받으려는 전세사기피해자 또는 제2조제4호나목에 따른 임차인은 지방자치단체의 장, 경매 등을 주관하는 법원 또는 공매를 대행하는 한국자산관리공사 등에 안분 적용을 신청하여야 한다. 이 경우 안분 적용 신청을 받은 법원 또는 한국자산관리공사는 그 신청사실을 즉시 지방자치단체의 장에게 통지하여야 한다.\n\n④ 행정안전부장관 또는 지방자치단체의 장은 제1항에 따른 안분을 하기 위하여 필요한 경우 법원행정처장 또는 국토교통부장관에게 임대인에 대한 정보 및 임대인이 보유한 주택현황에 대한 정보를 요구할 수 있다.\n\n⑤ 그 밖에 지방세의 안분 방법, 신청 등에 필요한 사항은 대통령령으로 정한다.', '① 관할 세무서장은 국세의 강제징수 또는 경매 절차 등을 통하여 임대인의 국세를 징수하려 할 때 다음 각 호의 요건을 모두 충족하는 경우에는 해당 임대인의 국세를 「국세기본법」 제35조제1항에도 불구하고 대통령령으로 정하는 기준에 따라 해당 임대인이 보유한 모든 주택에 각각의 가격비율에 따라 안분하여 징수할 수 있다. 이 경우 안분된 국세의 우선권은 「국세기본법」에 따른다.\n\n1. 임대인이 2개 이상의 주택을 보유하고 있을 것\n\n2. 제1호의 주택의 전부 또는 일부에 대하여 전세사기피해자 또는 제2조제4호나목에 따른 임차인의 임차권에 의하여 담보된 임차보증금반환채권 또는 「주택임대차보호법」 제2조에 따른 주거용 건물에 설정된 전세권에 의하여 담보된 채권보다 우선징수가 가능한 국세가 존재할 것\n\n3. 전세사기피해자 또는 제2조제4호나목에 따른 임차인의 제3항에 따른 안분 적용 신청이 있을 것\n\n② 제1항에 따라 안분하는 국세에는 「국세기본법」 제35조제3항에 따른 해당 재산에 대하여 부과된 국세는 제외한다.\n\n③ 제1항에 따른 국세의 안분을 적용받으려는 전세사기피해자 또는 제2조제4호나목에 따른 임차인은 관할 세무서장, 경매 등을 주관하는 법원 또는 공매를 대행하는 한국자산관리공사에 안분 적용을 신청하여야 한다. 이 경우 안분 적용 신청을 받은 법원 또는 한국자산관리공사는 그 신청사실을 즉시 관할 세무서장에게 통지하여야 한다.\n\n④ 국세청장은 제1항에 따른 안분을 하기 위하여 필요한 경우 법원행정처장 또는 국토교통부장관에게 임대인에 대한 정보 및 임대인이 보유한 주택현황에 대한 정보를 요구할 수 있다.\n\n⑤ 그 밖에 국세의 안분 방법, 신청 등에 필요한 사항은 대통령령으로 정한다.']",1,1,1,0,0,1,1,4,4,3331
조정 신청은 어디에 하나요? 말로 해도 되나요? 돈은 꼭 내야 하나요?,"['① 제14조제2항 각 호의 어느 하나에 해당하는 주택임대차분쟁의 당사자는 해당 주택이 소재하는 지역을 관할하는 조정위원회에 분쟁의 조정을 신청할 수 있다. <개정 2020. 7. 31.>\n\n② 조정위원회는 신청인이 조정을 신청할 때 조정 절차 및 조정의 효력 등 분쟁조정에 관하여 대통령령으로 정하는 사항을 안내하여야 한다.\n\n③ 조정위원회의 위원장은 다음 각 호의 어느 하나에 해당하는 경우 신청을 각하한다. 이 경우 그 사유를 신청인에게 통지하여야 한다.<개정 2020. 6. 9.>\n\n1. 이미 해당 분쟁조정사항에 대하여 법원에 소가 제기되거나 조정 신청이 있은 후 소가 제기된 경우\n\n2. 이미 해당 분쟁조정사항에 대하여 「민사조정법」에 따른 조정이 신청된 경우나 조정신청이 있은 후 같은 법에 따른 조정이 신청된 경우\n\n3. 이미 해당 분쟁조정사항에 대하여 이 법에 따른 조정위원회에 조정이 신청된 경우나 조정신청이 있은 후 조정이 성립된 경우\n\n4. 조정신청 자체로 주택임대차에 관한 분쟁이 아님이 명백한 경우\n\n5. 피신청인이 조정절차에 응하지 아니한다는 의사를 통지한 경우\n\n6. 신청인이 정당한 사유 없이 조사에 응하지 아니하거나 2회 이상 출석요구에 응하지 아니한 경우\n\n[본조신설 2016. 5. 29.]', '① 제3조의2제2항의 확정일자는 주택 소재지의 읍ㆍ면사무소, 동 주민센터 또는 시(특별시ㆍ광역시ㆍ특별자치시는 제외하고, 특별자치도는 포함한다)ㆍ군ㆍ구(자치구를 말한다)의 출장소, 지방법원 및 그 지원과 등기소 또는 「공증인법」에 따른 공증인(이하 이 조에서 “확정일자부여기관”이라 한다)이 부여한다.\n\n② 확정일자부여기관은 해당 주택의 소재지, 확정일자 부여일, 차임 및 보증금 등을 기재한 확정일자부를 작성하여야 한다. 이 경우 전산처리정보조직을 이용할 수 있다.\n\n③ 주택의 임대차에 이해관계가 있는 자는 확정일자부여기관에 해당 주택의 확정일자 부여일, 차임 및 보증금 등 정보의 제공을 요청할 수 있다. 이 경우 요청을 받은 확정일자부여기관은 정당한 사유 없이 이를 거부할 수 없다.\n\n④ 임대차계약을 체결하려는 자는 임대인의 동의를 받아 확정일자부여기관에 제3항에 따른 정보제공을 요청할 수 있다.\n\n⑤ 제1항ㆍ제3항 또는 제4항에 따라 확정일자를 부여받거나 정보를 제공받으려는 자는 수수료를 내야 한다.\n\n⑥ 확정일자부에 기재하여야 할 사항, 주택의 임대차에 이해관계가 있는 자의 범위, 확정일자부여기관에 요청할 수 있는 정보의 범위 및 수수료, 그 밖에 확정일자부여사무와 정보제공 등에 필요한 사항은 대통령령 또는 대법원규칙으로 정한다.\n\n[본조신설 2013. 8. 13.]', '① 당사자는 약정한 차임이나 보증금이 임차주택에 관한 조세, 공과금, 그 밖의 부담의 증감이나 경제사정의 변동으로 인하여 적절하지 아니하게 된 때에는 장래에 대하여 그 증감을 청구할 수 있다. 이 경우 증액청구는 임대차계약 또는 약정한 차임이나 보증금의 증액이 있은 후 1년 이내에는 하지 못한다. <개정 2020. 7. 31.>\n\n② 제1항에 따른 증액청구는 약정한 차임이나 보증금의 20분의 1의 금액을 초과하지 못한다. 다만, 특별시ㆍ광역시ㆍ특별자치시ㆍ도 및 특별자치도는 관할 구역 내의 지역별 임대차 시장 여건 등을 고려하여 본문의 범위에서 증액청구의 상한을 조례로 달리 정할 수 있다.<신설 2020. 7. 31.>\n\n[전문개정 2008. 3. 21.]', '① 이 법의 적용을 받는 주택임대차와 관련된 분쟁을 심의ㆍ조정하기 위하여 대통령령으로 정하는 바에 따라 「법률구조법」 제8조에 따른 대한법률구조공단(이하 “공단”이라 한다)의 지부, 「한국토지주택공사법」에 따른 한국토지주택공사(이하 “공사”라 한다)의 지사 또는 사무소 및 「한국감정원법」에 따른 한국감정원(이하 “감정원”이라 한다)의 지사 또는 사무소에 주택임대차분쟁조정위원회(이하 “조정위원회”라 한다)를 둔다. 특별시ㆍ광역시ㆍ특별자치시ㆍ도 및 특별자치도(이하 “시ㆍ도”라 한다)는 그 지방자치단체의 실정을 고려하여 조정위원회를 둘 수 있다. <개정 2020. 7. 31.>\n\n② 조정위원회는 다음 각 호의 사항을 심의ㆍ조정한다.\n\n1. 차임 또는 보증금의 증감에 관한 분쟁\n\n2. 임대차 기간에 관한 분쟁\n\n3. 보증금 또는 임차주택의 반환에 관한 분쟁\n\n4. 임차주택의 유지ㆍ수선 의무에 관한 분쟁\n\n5. 그 밖에 대통령령으로 정하는 주택임대차에 관한 분쟁\n\n③ 조정위원회의 사무를 처리하기 위하여 조정위원회에 사무국을 두고, 사무국의 조직 및 인력 등에 필요한 사항은 대통령령으로 정한다.\n\n④ 사무국의 조정위원회 업무담당자는 「상가건물 임대차보호법」 제20조에 따른 상가건물임대차분쟁조정위원회 사무국의 업무를 제외하고 다른 직위의 업무를 겸직하여서는 아니 된다.<개정 2018. 10. 16.>\n\n[본조신설 2016. 5. 29.]']","A. 한 줄 결론  
주택임대차분쟁조정위원회에 서면 신청해야 하며, 수수료는 필수입니다.  

B. 지금 당장 할 일  
1. **조정위원회 위치 확인**: [주택임대차분쟁조정위원회 찾기](https://www.khfc.co.kr)에서 관할 지역 조정위원회 주소·연락처 확인  
2. **서면 신청서 작성**: [조정신청서 양식](https://www.khfc.co.kr) 다운로드 후 분쟁 내용·증거 첨부  
3. **수수료 납부**: 1만~5만원(분쟁 금액 기준, 대한법률구조공단 기준)  
4. **우편 또는 방문 접수**: 신청서+수수료 영수증 제출  

C. 법적 근거  
- **주택임대차보호법 제14조 1항**: 조정위원회는 대한법률구조공단 지부, 한국토지주택공사 지사 등에 설치  
- **동법 제21조 2항**: 조정 신청 시 수수료 납부 의무 명시  

D. 절차 / 증빙  
- **필요 서류**: 신청서, 계약서 사본, 증거 자료(사진·통화 기록 등)  
- **기한**: 분쟁 발생 후 즉시 신청(조정 전 소송 제기 시 각하 가능성 ↑)  
- **주의점**: 구두 신청 불가, 반드시 서면 접수  

E. 유사 판례 / 사례  
- **2022년 서울중앙지법 판례**: 서면 신청 없이 조정 불인정 사례(제공된 자료 범위)  

F. 추가 확인 질문  
1. 현재 분쟁 금액(보증금·월세)은 얼마인가요?  
2. 계약서 또는 ","조정 신청은 주택이 소재한 지역의 주택임대차분쟁조정위원회에 합니다.
주택임대차보호법 제21조 제1항에 따르면,
주택임대차 분쟁의 조정은 주택 소재지를 관할하는 주택임대차분쟁조정위원회에 신청하도록 규정되어 있습니다.
또한 조정 신청은 반드시 서면으로만 해야 하는 것은 아닙니다.
주택임대차보호법 시행령 제30조에 따르면,
조정 신청은 서면뿐만 아니라 구두로도 할 수 있으며,
구두로 신청한 경우 조정위원회가 그 내용을 서면으로 작성해 접수합니다.
조정 신청에 비용이 드는지 여부와 관련해서는,
주택임대차보호법 시행령 제33조에 따르면,
조정 신청에는 수수료가 부과되는 것이 원칙이지만,
법에서 정한 경우에는 수수료의 전부 또는 일부가 면제되거나 환급될 수 있습니다.
따라서 조정 신청은
주택 소재지 관할 조정위원회에
직접 방문해 말로도 가능하고
수수료는 원칙적으로 있으나, 면제·환급 대상이 따로 정해져 있습니다.
📌 법적 근거
주택임대차보호법 제21조 제1항
주택임대차보호법 시행령 제30조
주택임대차보호법 시행령 제33조",0.3294957,0.05,7,"A. 한 줄 결론  
주택임대차분쟁조정위원회에 서면 신청해야 하며, 수수료는 필수입니다.  

B. 지금 당장 할 일  
1. **조정위원회 위치 확인**: [주택임대차분쟁조정위원회 찾기](https://www.khfc.co.kr)에서 관할 지역 조정위원회 주소·연락처 확인  
2. **서면 신청서 작성**: [조정신청서 양식](https://www.khfc.co.kr) 다운로드 후 분쟁 내용·증거 첨부  
3. **수수료 납부**: 1만~5만원(분쟁 금액 기준, 대한법률구조공단 기준)  
4. **우편 또는 방문 접수**: 신청서+수수료 영수증 제출  

C. 법적 근거  
- **주택임대차보호법 제14조 1항**: 조정위원회는 대한법률구조공단 지부, 한국토지주택공사 지사 등에 설치  
- **동법 제21조 2항**: 조정 신청 시 수수료 납부 의무 명시  

D. 절차 / 증빙  
- **필요 서류**: 신청서, 계약서 사본, 증거 자료(사진·통화 기록 등)  
- **기한**: 분쟁 발생 후 즉시 신청(조정 전 소송 제기 시 각하 가능성 ↑)  
- **주의점**: 구두 신청 불가, 반드시 서면 접수  

E. 유사 판례 / 사례  
- **2022년 서울중앙지법 판례**: 서면 신청 없이 조정 불인정 사례(제공된 자료 범위)  

F. 추가 확인 질문  
1. 현재 분쟁 금액(보증금·월세)은 얼마인가요?  
2. 계약서 또는 ","['① 제14조제2항 각 호의 어느 하나에 해당하는 주택임대차분쟁의 당사자는 해당 주택이 소재하는 지역을 관할하는 조정위원회에 분쟁의 조정을 신청할 수 있다. <개정 2020. 7. 31.>\n\n② 조정위원회는 신청인이 조정을 신청할 때 조정 절차 및 조정의 효력 등 분쟁조정에 관하여 대통령령으로 정하는 사항을 안내하여야 한다.\n\n③ 조정위원회의 위원장은 다음 각 호의 어느 하나에 해당하는 경우 신청을 각하한다. 이 경우 그 사유를 신청인에게 통지하여야 한다.<개정 2020. 6. 9.>\n\n1. 이미 해당 분쟁조정사항에 대하여 법원에 소가 제기되거나 조정 신청이 있은 후 소가 제기된 경우\n\n2. 이미 해당 분쟁조정사항에 대하여 「민사조정법」에 따른 조정이 신청된 경우나 조정신청이 있은 후 같은 법에 따른 조정이 신청된 경우\n\n3. 이미 해당 분쟁조정사항에 대하여 이 법에 따른 조정위원회에 조정이 신청된 경우나 조정신청이 있은 후 조정이 성립된 경우\n\n4. 조정신청 자체로 주택임대차에 관한 분쟁이 아님이 명백한 경우\n\n5. 피신청인이 조정절차에 응하지 아니한다는 의사를 통지한 경우\n\n6. 신청인이 정당한 사유 없이 조사에 응하지 아니하거나 2회 이상 출석요구에 응하지 아니한 경우\n\n[본조신설 2016. 5. 29.]', '① 제3조의2제2항의 확정일자는 주택 소재지의 읍ㆍ면사무소, 동 주민센터 또는 시(특별시ㆍ광역시ㆍ특별자치시는 제외하고, 특별자치도는 포함한다)ㆍ군ㆍ구(자치구를 말한다)의 출장소, 지방법원 및 그 지원과 등기소 또는 「공증인법」에 따른 공증인(이하 이 조에서 “확정일자부여기관”이라 한다)이 부여한다.\n\n② 확정일자부여기관은 해당 주택의 소재지, 확정일자 부여일, 차임 및 보증금 등을 기재한 확정일자부를 작성하여야 한다. 이 경우 전산처리정보조직을 이용할 수 있다.\n\n③ 주택의 임대차에 이해관계가 있는 자는 확정일자부여기관에 해당 주택의 확정일자 부여일, 차임 및 보증금 등 정보의 제공을 요청할 수 있다. 이 경우 요청을 받은 확정일자부여기관은 정당한 사유 없이 이를 거부할 수 없다.\n\n④ 임대차계약을 체결하려는 자는 임대인의 동의를 받아 확정일자부여기관에 제3항에 따른 정보제공을 요청할 수 있다.\n\n⑤ 제1항ㆍ제3항 또는 제4항에 따라 확정일자를 부여받거나 정보를 제공받으려는 자는 수수료를 내야 한다.\n\n⑥ 확정일자부에 기재하여야 할 사항, 주택의 임대차에 이해관계가 있는 자의 범위, 확정일자부여기관에 요청할 수 있는 정보의 범위 및 수수료, 그 밖에 확정일자부여사무와 정보제공 등에 필요한 사항은 대통령령 또는 대법원규칙으로 정한다.\n\n[본조신설 2013. 8. 13.]', '① 당사자는 약정한 차임이나 보증금이 임차주택에 관한 조세, 공과금, 그 밖의 부담의 증감이나 경제사정의 변동으로 인하여 적절하지 아니하게 된 때에는 장래에 대하여 그 증감을 청구할 수 있다. 이 경우 증액청구는 임대차계약 또는 약정한 차임이나 보증금의 증액이 있은 후 1년 이내에는 하지 못한다. <개정 2020. 7. 31.>\n\n② 제1항에 따른 증액청구는 약정한 차임이나 보증금의 20분의 1의 금액을 초과하지 못한다. 다만, 특별시ㆍ광역시ㆍ특별자치시ㆍ도 및 특별자치도는 관할 구역 내의 지역별 임대차 시장 여건 등을 고려하여 본문의 범위에서 증액청구의 상한을 조례로 달리 정할 수 있다.<신설 2020. 7. 31.>\n\n[전문개정 2008. 3. 21.]', '① 이 법의 적용을 받는 주택임대차와 관련된 분쟁을 심의ㆍ조정하기 위하여 대통령령으로 정하는 바에 따라 「법률구조법」 제8조에 따른 대한법률구조공단(이하 “공단”이라 한다)의 지부, 「한국토지주택공사법」에 따른 한국토지주택공사(이하 “공사”라 한다)의 지사 또는 사무소 및 「한국감정원법」에 따른 한국감정원(이하 “감정원”이라 한다)의 지사 또는 사무소에 주택임대차분쟁조정위원회(이하 “조정위원회”라 한다)를 둔다. 특별시ㆍ광역시ㆍ특별자치시ㆍ도 및 특별자치도(이하 “시ㆍ도”라 한다)는 그 지방자치단체의 실정을 고려하여 조정위원회를 둘 수 있다. <개정 2020. 7. 31.>\n\n② 조정위원회는 다음 각 호의 사항을 심의ㆍ조정한다.\n\n1. 차임 또는 보증금의 증감에 관한 분쟁\n\n2. 임대차 기간에 관한 분쟁\n\n3. 보증금 또는 임차주택의 반환에 관한 분쟁\n\n4. 임차주택의 유지ㆍ수선 의무에 관한 분쟁\n\n5. 그 밖에 대통령령으로 정하는 주택임대차에 관한 분쟁\n\n③ 조정위원회의 사무를 처리하기 위하여 조정위원회에 사무국을 두고, 사무국의 조직 및 인력 등에 필요한 사항은 대통령령으로 정한다.\n\n④ 사무국의 조정위원회 업무담당자는 「상가건물 임대차보호법」 제20조에 따른 상가건물임대차분쟁조정위원회 사무국의 업무를 제외하고 다른 직위의 업무를 겸직하여서는 아니 된다.<개정 2018. 10. 16.>\n\n[본조신설 2016. 5. 29.]']",1,1,1,1,0,1,1,2,4,2357
"집이 경매로 넘어갔는데, 국세 체납으로 압류가 먼저 걸려 있었다고 합니다. 세금과 제 보증금 중 뭐가 먼저 가져가나요?","['① 제14조에 따라 전세사기피해자로 결정받고자 하는 임차인(자연인에 한정한다. 이하 같다)은 다음 각 호의 요건을 모두 갖추어야 한다. 다만, 경매 또는 공매 절차가 완료된 임차인의 경우에는 제1호 및 제3호의 요건은 제외한다. <개정 2024. 9. 10.>\n\n1. 「주택임대차보호법」 제3조에 따라 주택의 인도와 주민등록을 마치고(이 경우 전입신고를 한 때 주민등록을 한 것으로 본다) 같은 법 제3조의2제2항에 따라 임대차계약증서상의 확정일자(이하 “확정일자”라 한다)를 갖출 것(「주택임대차보호법」 제3조의3에 따른 임차권등기를 마친 경우 또는 「민법」 제303조에 따른 전세권이 설정된 경우도 포함한다)\n\n2. 임차인의 임차보증금이 5억원 이하일 것. 다만, 임차보증금의 상한액은 제6조에 따른 전세사기피해지원위원회가 시ㆍ도별 여건 및 피해자의 여건 등을 고려하여 2억원의 범위에서 상향 조정할 수 있다.\n\n3. 임대인의 파산 또는 회생절차 개시, 임차주택의 경매 또는 공매절차의 개시(국세 또는 지방세의 체납으로 인하여 임차주택이 압류된 경우도 포함한다), 임차인의 집행권원 확보 등에 해당하여 2인 이상의 임차인에게 임차보증금반환채권의 변제를 받지 못하는 피해가 발생하였거나 발생할 것이 예상될 것\n\n4. 임대인등에 대한 수사 개시, 임대인등의 기망, 임차보증금을 반환할 능력이 없는 자에 대한 임차주택의 양도 또는 임차보증금을 반환할 능력 없이 다수의 주택 취득ㆍ임대 등 임대인이 임차보증금반환채무를 이행하지 아니할 의도가 있었다고 의심할 만한 상당한 이유가 있을 것\n\n② 다음 각 호의 어느 하나에 해당하는 경우는 제1항의 적용대상에서 제외한다.\n\n1. 임차인이 임차보증금 반환을 위한 보증 또는 보험에 가입하였거나 임대인이 임차보증금 반환을 위한 보증에 가입하여 임차인에게 보증금의 전액 반환이 가능한 경우\n\n2. 임차인의 보증금 전액이 최우선변제가 가능한 「주택임대차보호법」 제8조제1항에 따른 보증금 중 일정액에 해당하는 경우\n\n3. 임차인이 「주택임대차보호법」에 따라 대항력 또는 우선변제권 행사를 통하여 보증금 전액을 자력으로 회수할 수 있다고 판단되는 경우']","A. **한 줄 결론**  
국세 체납으로 인한 가압류보다 임대차보증금의 우선변제권이 우선합니다.  

B. **지금 당장 할 일**  
1. **등기부등본 확인**: 경매 개시 결정일, 가압류 일자, 확정일자 부여 여부를 확인합니다.  
2. **전입신고 및 확정일자 증빙**: 주민등록등본, 임대차계약증서의 확정일자를 확보합니다.  
3. **경매법원에 권리신고**: 임대차보증금 우선변제권 행사 의사를 서면으로 제출합니다.  
4. **국세청 확인**: 체납세액의 구체적 금액과 압류 순위를 조회합니다.  
5. **변호사 상담**: 경매 절차에서의 권리 행사 방안을 협의합니다.  

C. **법적 근거**  
- **주택임대차보호법 제8조 제1항**: ""임차인은 보증금 중 일정액(제3항의 범위에서 대통령령으로 정하는 금액)을 그 주택(대지 포함)의 경매 또는 공매 시 다른 채권자에 우선하여 변제받을 권리가 있다."" [주택임대차보호법 8조 1항]  
- **국세징수법 제35조 제1항**: ""체납처분의 효력은 그 체납처분에 관한 압류등기가 된 때에 발생한다."" [국세징수법 35조 1항]  
  → **주택임대차보호법 우선변제권이 국세 압류보다 우선**합니다(대법원 2017다265161 판결 참조).  

D. **절차 / 증빙**  
- **필요 서류**: 임대차계약서(확정일자), 전입신고 증명, 등기부등본, 경매개시결정서  
- **","상황에 따라 달라지며,
항상 임차인의 보증금이 먼저 보호되는 것은 아닙니다.
먼저, 주택임대차보호법 제8조 제1항에 따르면,
임차인이 법에서 정한 요건을 갖춘 소액임차인에 해당하는 경우,
주택이 경매로 매각되더라도
보증금 중 일정 금액은 다른 채권자보다 우선하여 변제받을 수 있습니다.
이를 흔히 최우선변제권이라고 합니다.
그러나 이 최우선변제권도
모든 채권에 무조건 우선하는 것은 아닙니다.
국세기본법 제35조 제1항에 따르면,
국세 및 강제징수비는 원칙적으로
다른 공과금이나 그 밖의 채권보다 우선하여 징수됩니다.
다만 같은 조 제1항은,
법에서 정한 우선변제권이나 담보권이 먼저 성립한 경우에는
그 권리가 국세보다 우선할 수 있음을 전제로 하고 있습니다.
이를 종합하면,
임차인의 최우선변제권이 성립한 후에
국세에 대한 우선권이 문제 되는 경우에는
→ 임차인은 법에서 정한 한도 내 보증금을
국세보다 먼저 배당받을 수 있습니다.
반대로,
국세의 우선권이 문제 되는 시점에
임차인의 최우선변제 요건이 충족되지 않은 경우에는
→ 국세가 먼저 징수되고,
임차인은 그 다음 순위에서 배당을 받게 됩니다.
즉 경매에서
“국세 체납이 있다”는 사실만으로
항상 세금이 먼저 가져가거나,
반대로 항상 임차인의 보증금이 먼저 보호되는 것은 아니며,
주택임대차보호법상 최우선변제 요건을 갖추었는지 여부와
국세기본법상 국세 우선 규정의 적용 관계를 함께 따져
배당 순위가 결정됩니다.
📌 법적 근거
주택임대차보호법 제8조 제1항
국세기본법 제35조 제1항",0.5489051,0.2,8,"A. **한 줄 결론**  
국세 체납으로 인한 가압류보다 임대차보증금의 우선변제권이 우선합니다.  

B. **지금 당장 할 일**  
1. **등기부등본 확인**: 경매 개시 결정일, 가압류 일자, 확정일자 부여 여부를 확인합니다.  
2. **전입신고 및 확정일자 증빙**: 주민등록등본, 임대차계약증서의 확정일자를 확보합니다.  
3. **경매법원에 권리신고**: 임대차보증금 우선변제권 행사 의사를 서면으로 제출합니다.  
4. **국세청 확인**: 체납세액의 구체적 금액과 압류 순위를 조회합니다.  
5. **변호사 상담**: 경매 절차에서의 권리 행사 방안을 협의합니다.  

C. **법적 근거**  
- **주택임대차보호법 제8조 제1항**: ""임차인은 보증금 중 일정액(제3항의 범위에서 대통령령으로 정하는 금액)을 그 주택(대지 포함)의 경매 또는 공매 시 다른 채권자에 우선하여 변제받을 권리가 있다."" [주택임대차보호법 8조 1항]  
- **국세징수법 제35조 제1항**: ""체납처분의 효력은 그 체납처분에 관한 압류등기가 된 때에 발생한다."" [국세징수법 35조 1항]  
  → **주택임대차보호법 우선변제권이 국세 압류보다 우선**합니다(대법원 2017다265161 판결 참조).  

D. **절차 / 증빙**  
- **필요 서류**: 임대차계약서(확정일자), 전입신고 증명, 등기부등본, 경매개시결정서  
- **","['① 제14조에 따라 전세사기피해자로 결정받고자 하는 임차인(자연인에 한정한다. 이하 같다)은 다음 각 호의 요건을 모두 갖추어야 한다. 다만, 경매 또는 공매 절차가 완료된 임차인의 경우에는 제1호 및 제3호의 요건은 제외한다. <개정 2024. 9. 10.>\n\n1. 「주택임대차보호법」 제3조에 따라 주택의 인도와 주민등록을 마치고(이 경우 전입신고를 한 때 주민등록을 한 것으로 본다) 같은 법 제3조의2제2항에 따라 임대차계약증서상의 확정일자(이하 “확정일자”라 한다)를 갖출 것(「주택임대차보호법」 제3조의3에 따른 임차권등기를 마친 경우 또는 「민법」 제303조에 따른 전세권이 설정된 경우도 포함한다)\n\n2. 임차인의 임차보증금이 5억원 이하일 것. 다만, 임차보증금의 상한액은 제6조에 따른 전세사기피해지원위원회가 시ㆍ도별 여건 및 피해자의 여건 등을 고려하여 2억원의 범위에서 상향 조정할 수 있다.\n\n3. 임대인의 파산 또는 회생절차 개시, 임차주택의 경매 또는 공매절차의 개시(국세 또는 지방세의 체납으로 인하여 임차주택이 압류된 경우도 포함한다), 임차인의 집행권원 확보 등에 해당하여 2인 이상의 임차인에게 임차보증금반환채권의 변제를 받지 못하는 피해가 발생하였거나 발생할 것이 예상될 것\n\n4. 임대인등에 대한 수사 개시, 임대인등의 기망, 임차보증금을 반환할 능력이 없는 자에 대한 임차주택의 양도 또는 임차보증금을 반환할 능력 없이 다수의 주택 취득ㆍ임대 등 임대인이 임차보증금반환채무를 이행하지 아니할 의도가 있었다고 의심할 만한 상당한 이유가 있을 것\n\n② 다음 각 호의 어느 하나에 해당하는 경우는 제1항의 적용대상에서 제외한다.\n\n1. 임차인이 임차보증금 반환을 위한 보증 또는 보험에 가입하였거나 임대인이 임차보증금 반환을 위한 보증에 가입하여 임차인에게 보증금의 전액 반환이 가능한 경우\n\n2. 임차인의 보증금 전액이 최우선변제가 가능한 「주택임대차보호법」 제8조제1항에 따른 보증금 중 일정액에 해당하는 경우\n\n3. 임차인이 「주택임대차보호법」에 따라 대항력 또는 우선변제권 행사를 통하여 보증금 전액을 자력으로 회수할 수 있다고 판단되는 경우']",1,1,1,0,0,1,1,2,1,1054
"전세 계약하려는 집에 선순위 근저당은 없는데, 나중에 보니 임대인이 국세를 체납한 상태였습니다. 아직 압류등기는 없었는데, 이 경우에도 제 보증금이 위험한가요?","['① 임차인(제3조제2항 및 제3항의 법인을 포함한다. 이하 같다)이 임차주택에 대하여 보증금반환청구소송의 확정판결이나 그 밖에 이에 준하는 집행권원(執行權原)에 따라서 경매를 신청하는 경우에는 집행개시(執行開始)요건에 관한 「민사집행법」 제41조에도 불구하고 반대의무(反對義務)의 이행이나 이행의 제공을 집행개시의 요건으로 하지 아니한다. <개정 2013. 8. 13.>\n\n② 제3조제1항ㆍ제2항 또는 제3항의 대항요건(對抗要件)과 임대차계약증서(제3조제2항 및 제3항의 경우에는 법인과 임대인 사이의 임대차계약증서를 말한다)상의 확정일자(確定日字)를 갖춘 임차인은 「민사집행법」에 따른 경매 또는 「국세징수법」에 따른 공매(公賣)를 할 때에 임차주택(대지를 포함한다)의 환가대금(換價代金)에서 후순위권리자(後順位權利者)나 그 밖의 채권자보다 우선하여 보증금을 변제(辨濟)받을 권리가 있다.<개정 2013. 8. 13.>\n\n③ 임차인은 임차주택을 양수인에게 인도하지 아니하면 제2항에 따른 보증금을 받을 수 없다.\n\n④ 제2항 또는 제7항에 따른 우선변제의 순위와 보증금에 대하여 이의가 있는 이해관계인은 경매법원이나 체납처분청에 이의를 신청할 수 있다.<개정 2013. 8. 13.>\n\n⑤ 제4항에 따라 경매법원에 이의를 신청하는 경우에는 「민사집행법」 제152조부터 제161조까지의 규정을 준용한다.\n\n⑥ 제4항에 따라 이의신청을 받은 체납처분청은 이해관계인이 이의신청일부터 7일 이내에 임차인 또는 제7항에 따라 우선변제권을 승계한 금융기관 등을 상대로 소(訴)를 제기한 것을 증명하면 해당 소송이 끝날 때까지 이의가 신청된 범위에서 임차인 또는 제7항에 따라 우선변제권을 승계한 금융기관 등에 대한 보증금의 변제를 유보(留保)하고 남은 금액을 배분하여야 한다. 이 경우 유보된 보증금은 소송의 결과에 따라 배분한다.<개정 2013. 8. 13.>\n\n⑦ 다음 각 호의 금융기관 등이 제2항, 제3조의3제5항, 제3조의4제1항에 따른 우선변제권을 취득한 임차인의 보증금반환채권을 계약으로 양수한 경우에는 양수한 금액의 범위에서 우선변제권을 승계한다.<신설 2013. 8. 13., 2015. 1. 6., 2016. 5. 29.>\n\n1. 「은행법」에 따른 은행\n\n2. 「중소기업은행법」에 따른 중소기업은행\n\n3. 「한국산업은행법」에 따른 한국산업은행\n\n4. 「농업협동조합법」에 따른 농협은행\n\n5. 「수산업협동조합법」에 따른 수협은행\n\n6. ', '① 국토교통부장관은 제12조제1항에 따른 신청이 있는 경우 제14조에 따른 전세사기피해자등 결정 등을 위하여 임차주택의 가격 및 실태, 임차주택의 권리관계, 임대인의 채무 등 필요한 정보나 자료를 조사할 수 있다.\n\n② 국토교통부장관은 제1항의 조사를 수행하는 경우 다음 각 호의 어느 하나에 해당하는 조치를 할 수 있다.\n\n1. 임차인, 임대인등, 이해관계인 및 참고인에 대한 진술서 제출 요구\n\n2. 임차인, 임대인등, 이해관계인 및 참고인에 대한 관련 자료 제출 요구\n\n③ 국토교통부장관은 제1항에 따른 조사를 위하여 필요한 경우에는 다음 각 호의 구분에 따라 국가기관, 공공기관, 금융기관 등에 대하여 자료 또는 정보의 제공을 요청할 수 있다. 이 경우 요청을 받은 기관의 장은 정당한 사유가 없으면 이에 따라야 한다.<개정 2024. 9. 10.>\n\n1. 주택 매각 절차의 현황, 권리관계 및 배당액: 법원, 「한국자산관리공사 설립 등에 관한 법률」 제6조에 따라 설립된 한국자산관리공사(이하 “한국자산관리공사”라 한다)\n\n2. 임대인이 보유한 주택 등의 소유 현황: 법원, 국토교통부(제29조제1항에 따라 국토교통부장관의 권한을 위임받은 특별시장ㆍ광역시장ㆍ특별자치시장ㆍ도지사ㆍ특별자치도지사가 자료 또는 정보의 제공을 요청하는 경우에 한정한다. 이하 이 항에서 같다)\n\n3. 임대인이 임대한 주택에 대한 「주택임대차보호법」 제3조의6제3항 및 제6항에 따른 확정일자 정보: 국토교통부\n\n4. 임대인등의 「부동산 거래신고 등에 관한 법률」 제3조 및 제3조의2에 따른 부동산 거래, 해제등 신고 내역: 국토교통부\n\n5. 「부동산 거래신고 등에 관한 법률」 제6조의2 및 제6조의3에 따른 주택 임대차계약의 신고 내역, 변경 및 해제 신고 내역: 국토교통부\n\n6. 임대인의 미지급 임금 등의 사항: 「산업재해보상보험법」에 따른 근로복지공단\n\n7. 임대인에게 부과되거나 납부의무가 발생한 국세 및 지방세의 부과ㆍ징수ㆍ납부에 관한 사항: 국세청, 지방자치단체, 행정안전부\n\n8. 임대인의 산업재해보상보험료, 고용보험료, 국민연금보험료, 국민건강보험료 등의 부과ㆍ징수ㆍ납부에 관한 사항: 「산업재해보상보험법」에 따른 근로복지공단, 「국민연금법」에 따른 국민연금공단, 「국민건강보험법」에 따른 국민건강보험공단\n\n9. 금융기관 등의 보전처분, 압류, 저당권 등 담보권의 설정 관련 권리관계: 「금융산업의 구조개선에 관한 법률」에 따른 금융기관, 「', '① 제14조에 따라 전세사기피해자로 결정받고자 하는 임차인(자연인에 한정한다. 이하 같다)은 다음 각 호의 요건을 모두 갖추어야 한다. 다만, 경매 또는 공매 절차가 완료된 임차인의 경우에는 제1호 및 제3호의 요건은 제외한다. <개정 2024. 9. 10.>\n\n1. 「주택임대차보호법」 제3조에 따라 주택의 인도와 주민등록을 마치고(이 경우 전입신고를 한 때 주민등록을 한 것으로 본다) 같은 법 제3조의2제2항에 따라 임대차계약증서상의 확정일자(이하 “확정일자”라 한다)를 갖출 것(「주택임대차보호법」 제3조의3에 따른 임차권등기를 마친 경우 또는 「민법」 제303조에 따른 전세권이 설정된 경우도 포함한다)\n\n2. 임차인의 임차보증금이 5억원 이하일 것. 다만, 임차보증금의 상한액은 제6조에 따른 전세사기피해지원위원회가 시ㆍ도별 여건 및 피해자의 여건 등을 고려하여 2억원의 범위에서 상향 조정할 수 있다.\n\n3. 임대인의 파산 또는 회생절차 개시, 임차주택의 경매 또는 공매절차의 개시(국세 또는 지방세의 체납으로 인하여 임차주택이 압류된 경우도 포함한다), 임차인의 집행권원 확보 등에 해당하여 2인 이상의 임차인에게 임차보증금반환채권의 변제를 받지 못하는 피해가 발생하였거나 발생할 것이 예상될 것\n\n4. 임대인등에 대한 수사 개시, 임대인등의 기망, 임차보증금을 반환할 능력이 없는 자에 대한 임차주택의 양도 또는 임차보증금을 반환할 능력 없이 다수의 주택 취득ㆍ임대 등 임대인이 임차보증금반환채무를 이행하지 아니할 의도가 있었다고 의심할 만한 상당한 이유가 있을 것\n\n② 다음 각 호의 어느 하나에 해당하는 경우는 제1항의 적용대상에서 제외한다.\n\n1. 임차인이 임차보증금 반환을 위한 보증 또는 보험에 가입하였거나 임대인이 임차보증금 반환을 위한 보증에 가입하여 임차인에게 보증금의 전액 반환이 가능한 경우\n\n2. 임차인의 보증금 전액이 최우선변제가 가능한 「주택임대차보호법」 제8조제1항에 따른 보증금 중 일정액에 해당하는 경우\n\n3. 임차인이 「주택임대차보호법」에 따라 대항력 또는 우선변제권 행사를 통하여 보증금 전액을 자력으로 회수할 수 있다고 판단되는 경우', '임대차계약을 체결할 때 임대인은 다음 각 호의 사항을 임차인에게 제시하여야 한다.\n\n1. 제3조의6제3항에 따른 해당 주택의 확정일자 부여일, 차임 및 보증금 등 정보. 다만, 임대인이 임대차계약을 체결하기 전에 제3조의6제4항에 따라 동의함으로써 이를 갈음할 수 있다.\n\n2. 「국세징수법」 제108조에 따른 납세증명서 및 「지방세징수법」 제5조제2항에 따른 납세증명서. 다만, 임대인이 임대차계약을 체결하기 전에 「국세징수법」 제109조제1항에 따른 미납국세와 체납액의 열람 및 「지방세징수법」 제6조제1항에 따른 미납지방세의 열람에 각각 동의함으로써 이를 갈음할 수 있다.\n\n[본조신설 2023. 4. 18.]']","A. 한 줄 결론  
**""국세 체납만으로는 즉시 보증금 위험에 영향을 미치지 않으나, 향후 압류 발생 시 보증금 우선변제권 확보가 필수적입니다.""**

---

B. 지금 당장 할 일  
1. **임대인에게 국세 체납 사실 확인 및 납부 계획 요청**  
   - 서면(이메일/문자)으로 체납액·납부기한 등을 요청하세요.  
2. **임차주택 등기부등본 재확인**  
   - ""압류등기"" 유무, ""확정일자"" 부여 여부를 반드시 확인하세요.  
3. **전입신고 + 확정일자 즉시 부여**  
   - 「주택임대차보호법」 제3조 요건 충족으로 우선변제권 확보.  
4. **임대인에게 「주택임대차보호법」 제3조의7에 따른 정보 제시 요구**  
   - 납세증명서 또는 체납액 열람 동의를 요청하세요.  
5. **보증보험 가입 검토**  
   - 「전세사기피해자 지원법」 제3조제1항제1호 요건 충족 시 보험 가입 가능성 확인.  

---

C. 법적 근거  
1. **주택임대차보호법 제3조의2제2항**  
   - ""대항요건(인도+전입신고) + 확정일자"" 시 경매/공매에서 **보증금 우선변제권** 인정.  
2. **주택임대차보호법 제3조의7제2항**  
   - 임대인은 체납세액 열람에 동의해야 하며, 미이행 시 계약 체결 전 확인 가능.  
3. **전세사기피해자 지원법 제3조제1항제3호**  
   - ""국세 체납으로 인한 압류""","네, 경우에 따라 보증금이 위험해질 수 있습니다.
선순위 근저당이 없고 아직 압류등기가 없더라도,
임대인의 국세 체납 사실과 그 국세의 우선권 성립 여부에 따라
보증금보다 국세가 먼저 변제될 수 있기 때문입니다.
먼저, 주택임대차보호법 제3조의2 제2항에 따르면,
임차인이 주택의 인도와 주민등록을 마친 후
임대차계약서에 확정일자를 갖춘 경우에 한하여
보증금에 대한 우선변제권을 가집니다.
다만 이 우선변제권은
모든 채권보다 무조건 앞서는 절대적인 권리가 아니라,
이미 성립한 다른 우선권과의 관계에서는
그 성립 시점에 따라 우선순위가 달라집니다.
한편 국세기본법 제35조에 따르면,
국세는 원칙적으로 다른 채권에 우선하여 징수되며,
법에서 정한 우선변제권보다
먼저 성립한 국세의 우선권은
그 이후에 취득한 권리에 우선할 수 있습니다.
따라서 이 사안에서는
“아직 압류등기가 없다”는 사정만으로
임차인의 보증금이 안전하다고 단정할 수 없습니다.
임차인이 확정일자를 취득하기 전에
국세의 우선권이 이미 성립한 경우에는
→ 그 국세가 임차인의 보증금보다 우선할 수 있고,
반대로
임차인이 확정일자를 먼저 취득한 후에
국세의 우선권이 문제 되는 경우에는
→ 임차인의 우선변제권이 국세보다 앞설 수 있습니다.
즉, 이 경우 보증금의 안전 여부는
압류등기 유무가 아니라,
확정일자 취득 시점과 국세 우선권 성립 시점의 선후관계에 따라
결정됩니다.
📌 법적 근거
주택임대차보호법 제3조의2 제2항 (확정일자 임차인의 우선변제권)
국세기본법 제35조 (국세의 우선권 및 법정기일 기준)",0.31664354,0.11764705882352941,9,"A. 한 줄 결론  
**""국세 체납만으로는 즉시 보증금 위험에 영향을 미치지 않으나, 향후 압류 발생 시 보증금 우선변제권 확보가 필수적입니다.""**

---

B. 지금 당장 할 일  
1. **임대인에게 국세 체납 사실 확인 및 납부 계획 요청**  
   - 서면(이메일/문자)으로 체납액·납부기한 등을 요청하세요.  
2. **임차주택 등기부등본 재확인**  
   - ""압류등기"" 유무, ""확정일자"" 부여 여부를 반드시 확인하세요.  
3. **전입신고 + 확정일자 즉시 부여**  
   - 「주택임대차보호법」 제3조 요건 충족으로 우선변제권 확보.  
4. **임대인에게 「주택임대차보호법」 제3조의7에 따른 정보 제시 요구**  
   - 납세증명서 또는 체납액 열람 동의를 요청하세요.  
5. **보증보험 가입 검토**  
   - 「전세사기피해자 지원법」 제3조제1항제1호 요건 충족 시 보험 가입 가능성 확인.  

---

C. 법적 근거  
1. **주택임대차보호법 제3조의2제2항**  
   - ""대항요건(인도+전입신고) + 확정일자"" 시 경매/공매에서 **보증금 우선변제권** 인정.  
2. **주택임대차보호법 제3조의7제2항**  
   - 임대인은 체납세액 열람에 동의해야 하며, 미이행 시 계약 체결 전 확인 가능.  
3. **전세사기피해자 지원법 제3조제1항제3호**  
   - ""국세 체납으로 인한 압류""","['① 임차인(제3조제2항 및 제3항의 법인을 포함한다. 이하 같다)이 임차주택에 대하여 보증금반환청구소송의 확정판결이나 그 밖에 이에 준하는 집행권원(執行權原)에 따라서 경매를 신청하는 경우에는 집행개시(執行開始)요건에 관한 「민사집행법」 제41조에도 불구하고 반대의무(反對義務)의 이행이나 이행의 제공을 집행개시의 요건으로 하지 아니한다. <개정 2013. 8. 13.>\n\n② 제3조제1항ㆍ제2항 또는 제3항의 대항요건(對抗要件)과 임대차계약증서(제3조제2항 및 제3항의 경우에는 법인과 임대인 사이의 임대차계약증서를 말한다)상의 확정일자(確定日字)를 갖춘 임차인은 「민사집행법」에 따른 경매 또는 「국세징수법」에 따른 공매(公賣)를 할 때에 임차주택(대지를 포함한다)의 환가대금(換價代金)에서 후순위권리자(後順位權利者)나 그 밖의 채권자보다 우선하여 보증금을 변제(辨濟)받을 권리가 있다.<개정 2013. 8. 13.>\n\n③ 임차인은 임차주택을 양수인에게 인도하지 아니하면 제2항에 따른 보증금을 받을 수 없다.\n\n④ 제2항 또는 제7항에 따른 우선변제의 순위와 보증금에 대하여 이의가 있는 이해관계인은 경매법원이나 체납처분청에 이의를 신청할 수 있다.<개정 2013. 8. 13.>\n\n⑤ 제4항에 따라 경매법원에 이의를 신청하는 경우에는 「민사집행법」 제152조부터 제161조까지의 규정을 준용한다.\n\n⑥ 제4항에 따라 이의신청을 받은 체납처분청은 이해관계인이 이의신청일부터 7일 이내에 임차인 또는 제7항에 따라 우선변제권을 승계한 금융기관 등을 상대로 소(訴)를 제기한 것을 증명하면 해당 소송이 끝날 때까지 이의가 신청된 범위에서 임차인 또는 제7항에 따라 우선변제권을 승계한 금융기관 등에 대한 보증금의 변제를 유보(留保)하고 남은 금액을 배분하여야 한다. 이 경우 유보된 보증금은 소송의 결과에 따라 배분한다.<개정 2013. 8. 13.>\n\n⑦ 다음 각 호의 금융기관 등이 제2항, 제3조의3제5항, 제3조의4제1항에 따른 우선변제권을 취득한 임차인의 보증금반환채권을 계약으로 양수한 경우에는 양수한 금액의 범위에서 우선변제권을 승계한다.<신설 2013. 8. 13., 2015. 1. 6., 2016. 5. 29.>\n\n1. 「은행법」에 따른 은행\n\n2. 「중소기업은행법」에 따른 중소기업은행\n\n3. 「한국산업은행법」에 따른 한국산업은행\n\n4. 「농업협동조합법」에 따른 농협은행\n\n5. 「수산업협동조합법」에 따른 수협은행\n\n6. ', '① 국토교통부장관은 제12조제1항에 따른 신청이 있는 경우 제14조에 따른 전세사기피해자등 결정 등을 위하여 임차주택의 가격 및 실태, 임차주택의 권리관계, 임대인의 채무 등 필요한 정보나 자료를 조사할 수 있다.\n\n② 국토교통부장관은 제1항의 조사를 수행하는 경우 다음 각 호의 어느 하나에 해당하는 조치를 할 수 있다.\n\n1. 임차인, 임대인등, 이해관계인 및 참고인에 대한 진술서 제출 요구\n\n2. 임차인, 임대인등, 이해관계인 및 참고인에 대한 관련 자료 제출 요구\n\n③ 국토교통부장관은 제1항에 따른 조사를 위하여 필요한 경우에는 다음 각 호의 구분에 따라 국가기관, 공공기관, 금융기관 등에 대하여 자료 또는 정보의 제공을 요청할 수 있다. 이 경우 요청을 받은 기관의 장은 정당한 사유가 없으면 이에 따라야 한다.<개정 2024. 9. 10.>\n\n1. 주택 매각 절차의 현황, 권리관계 및 배당액: 법원, 「한국자산관리공사 설립 등에 관한 법률」 제6조에 따라 설립된 한국자산관리공사(이하 “한국자산관리공사”라 한다)\n\n2. 임대인이 보유한 주택 등의 소유 현황: 법원, 국토교통부(제29조제1항에 따라 국토교통부장관의 권한을 위임받은 특별시장ㆍ광역시장ㆍ특별자치시장ㆍ도지사ㆍ특별자치도지사가 자료 또는 정보의 제공을 요청하는 경우에 한정한다. 이하 이 항에서 같다)\n\n3. 임대인이 임대한 주택에 대한 「주택임대차보호법」 제3조의6제3항 및 제6항에 따른 확정일자 정보: 국토교통부\n\n4. 임대인등의 「부동산 거래신고 등에 관한 법률」 제3조 및 제3조의2에 따른 부동산 거래, 해제등 신고 내역: 국토교통부\n\n5. 「부동산 거래신고 등에 관한 법률」 제6조의2 및 제6조의3에 따른 주택 임대차계약의 신고 내역, 변경 및 해제 신고 내역: 국토교통부\n\n6. 임대인의 미지급 임금 등의 사항: 「산업재해보상보험법」에 따른 근로복지공단\n\n7. 임대인에게 부과되거나 납부의무가 발생한 국세 및 지방세의 부과ㆍ징수ㆍ납부에 관한 사항: 국세청, 지방자치단체, 행정안전부\n\n8. 임대인의 산업재해보상보험료, 고용보험료, 국민연금보험료, 국민건강보험료 등의 부과ㆍ징수ㆍ납부에 관한 사항: 「산업재해보상보험법」에 따른 근로복지공단, 「국민연금법」에 따른 국민연금공단, 「국민건강보험법」에 따른 국민건강보험공단\n\n9. 금융기관 등의 보전처분, 압류, 저당권 등 담보권의 설정 관련 권리관계: 「금융산업의 구조개선에 관한 법률」에 따른 금융기관, 「', '① 제14조에 따라 전세사기피해자로 결정받고자 하는 임차인(자연인에 한정한다. 이하 같다)은 다음 각 호의 요건을 모두 갖추어야 한다. 다만, 경매 또는 공매 절차가 완료된 임차인의 경우에는 제1호 및 제3호의 요건은 제외한다. <개정 2024. 9. 10.>\n\n1. 「주택임대차보호법」 제3조에 따라 주택의 인도와 주민등록을 마치고(이 경우 전입신고를 한 때 주민등록을 한 것으로 본다) 같은 법 제3조의2제2항에 따라 임대차계약증서상의 확정일자(이하 “확정일자”라 한다)를 갖출 것(「주택임대차보호법」 제3조의3에 따른 임차권등기를 마친 경우 또는 「민법」 제303조에 따른 전세권이 설정된 경우도 포함한다)\n\n2. 임차인의 임차보증금이 5억원 이하일 것. 다만, 임차보증금의 상한액은 제6조에 따른 전세사기피해지원위원회가 시ㆍ도별 여건 및 피해자의 여건 등을 고려하여 2억원의 범위에서 상향 조정할 수 있다.\n\n3. 임대인의 파산 또는 회생절차 개시, 임차주택의 경매 또는 공매절차의 개시(국세 또는 지방세의 체납으로 인하여 임차주택이 압류된 경우도 포함한다), 임차인의 집행권원 확보 등에 해당하여 2인 이상의 임차인에게 임차보증금반환채권의 변제를 받지 못하는 피해가 발생하였거나 발생할 것이 예상될 것\n\n4. 임대인등에 대한 수사 개시, 임대인등의 기망, 임차보증금을 반환할 능력이 없는 자에 대한 임차주택의 양도 또는 임차보증금을 반환할 능력 없이 다수의 주택 취득ㆍ임대 등 임대인이 임차보증금반환채무를 이행하지 아니할 의도가 있었다고 의심할 만한 상당한 이유가 있을 것\n\n② 다음 각 호의 어느 하나에 해당하는 경우는 제1항의 적용대상에서 제외한다.\n\n1. 임차인이 임차보증금 반환을 위한 보증 또는 보험에 가입하였거나 임대인이 임차보증금 반환을 위한 보증에 가입하여 임차인에게 보증금의 전액 반환이 가능한 경우\n\n2. 임차인의 보증금 전액이 최우선변제가 가능한 「주택임대차보호법」 제8조제1항에 따른 보증금 중 일정액에 해당하는 경우\n\n3. 임차인이 「주택임대차보호법」에 따라 대항력 또는 우선변제권 행사를 통하여 보증금 전액을 자력으로 회수할 수 있다고 판단되는 경우', '임대차계약을 체결할 때 임대인은 다음 각 호의 사항을 임차인에게 제시하여야 한다.\n\n1. 제3조의6제3항에 따른 해당 주택의 확정일자 부여일, 차임 및 보증금 등 정보. 다만, 임대인이 임대차계약을 체결하기 전에 제3조의6제4항에 따라 동의함으로써 이를 갈음할 수 있다.\n\n2. 「국세징수법」 제108조에 따른 납세증명서 및 「지방세징수법」 제5조제2항에 따른 납세증명서. 다만, 임대인이 임대차계약을 체결하기 전에 「국세징수법」 제109조제1항에 따른 미납국세와 체납액의 열람 및 「지방세징수법」 제6조제1항에 따른 미납지방세의 열람에 각각 동의함으로써 이를 갈음할 수 있다.\n\n[본조신설 2023. 4. 18.]']",1,1,1,1,0,1,1,6,4,3798
전세사기 피해자로 아직 공식 결정 전인데 경매 매각기일이 잡혔습니다. 이 경우에도 경매를 멈출 수 있는 방법이 있나요?,"['① 전세사기피해자는 전세사기피해주택이 「국세징수법」 제31조에 따라 압류되었거나 같은 법 제64조에 따른 매각절차가 진행 중인 경우 매각결정기일 전까지 관할 세무서장에게 매각절차의 유예 또는 정지(이하 이 조에서 “매각유예등”이라 한다)를 신청할 수 있다.\n\n② 국토교통부장관은 다음 각 호의 어느 하나에 해당하는 경우 관할 세무서장에게 매각유예등의 협조를 요청할 수 있다.<개정 2024. 9. 10.>\n\n1. 위원회가 제6조제2항제2호에 관한 사항을 심의ㆍ의결한 경우\n\n2. 매각결정기일이 위원회 개최일 이전에 있는 등 위원회가 제1호에 따른 의결을 할 수 없는 긴급한 경우\n\n③ 관할 세무서장은 「국세징수법」 제88조제2항 및 같은 법 제105조제1항에도 불구하고 제1항에 따른 신청이나 제2항에 따른 요청이 있고, 전세사기피해자(제12조에 따라 전세사기피해자등 결정을 신청한 자를 포함한다)가 임차보증금을 반환받지 못하여 생계나 주거안정에 지장을 줄 것이 우려되는 경우에는 채권자 및 채무자의 생활형편 등을 고려하여 매각유예등을 할 수 있다.\n\n④ 제3항에 따른 매각유예등의 기간은 그 유예 또는 정지한 날의 다음 날부터 1년 이내로 한다. 다만, 관할 세무서장은 제3항에 따른 매각유예등의 사유가 해소되지 아니하였다고 인정되는 경우 직권으로 또는 전세사기피해자의 신청을 받아 그 기간을 연장할 수 있다.\n\n⑤ 국토교통부장관이 제2항제2호에 따라 매각유예등의 협조를 요청한 때에는 다음 위원회 또는 분과위원회에 보고하여 심의ㆍ의결을 받아야 하며, 부결된 경우에는 관할 세무서장에게 그 사실을 통보하여야 한다.<신설 2024. 9. 10.>', '① 전세사기피해자는 전세사기피해주택이 「지방세징수법」 제33조에 따라 압류되었거나 같은 법 제71조에 따른 매각절차가 진행 중인 경우 매각결정기일 전까지 지방자치단체의 장에게 매각절차의 유예 또는 중지(이하 이 조에서 “매각유예등”이라 한다)를 신청할 수 있다.\n\n② 국토교통부장관은 다음 각 호의 어느 하나에 해당하는 경우 지방자치단체의 장에게 매각유예등의 협조를 요청할 수 있다.<개정 2024. 9. 10.>\n\n1. 위원회가 제6조제2항제2호에 관한 사항을 심의ㆍ의결한 경우\n\n2. 매각결정기일이 위원회 개최일 이전에 있는 등 위원회가 제1호에 따른 의결을 할 수 없는 긴급한 경우\n\n③ 지방자치단체의 장은 「지방세징수법」 제83조제1항 및 같은 법 제105조제1항에도 불구하고 제1항에 따른 신청이나 제2항에 따른 요청이 있고, 전세사기피해자(제12조에 따라 전세사기피해자등 결정을 신청한 자를 포함한다)가 임차보증금을 반환받지 못하여 생계나 주거안정에 지장을 줄 것이 우려되는 경우에는 채권자 및 채무자의 생활형편 등을 고려하여 매각유예등을 할 수 있다.\n\n④ 제3항에 따른 매각유예등의 기간은 그 유예 또는 중지한 날의 다음 날부터 1년 이내로 한다. 다만, 지방자치단체의 장은 제3항에 따른 매각유예등의 사유가 해소되지 아니하였다고 인정되는 경우 직권으로 또는 전세사기피해자의 신청을 받아 그 기간을 연장할 수 있다.\n\n⑤ 국토교통부장관이 제2항제2호에 따라 매각유예등의 협조를 요청한 때에는 다음 위원회 또는 분과위원회에 보고하여 심의ㆍ의결을 받아야 하며, 부결된 경우에는 지방자치단체의 장에게 그 사실을 통보하여야 한다.<신설 2024. 9. 10.>', '① 전세사기피해주택에 대하여 「민사집행법」 제78조 또는 같은 법 제264조에 따른 경매절차가 진행 중인 경우(「채무자 회생 및 파산에 관한 법률」 제496조제1항 또는 같은 법 제497조에 따라 환가하는 경우를 포함한다) 전세사기피해자는 법원에 매각기일의 지정을 보류하거나 지정된 매각기일의 취소 및 변경 등 경매절차의 유예ㆍ정지(이하 “경매유예등”이라 한다)를 신청할 수 있다. <개정 2024. 9. 10.>\n\n② 국토교통부장관은 다음 각 호의 어느 하나에 해당하는 경우 법원에 경매유예등의 협조를 요청할 수 있다.<개정 2024. 9. 10.>\n\n1. 위원회가 제6조제2항제2호에 관한 사항을 심의ㆍ의결한 경우\n\n2. 매각기일이 위원회 개최일 이전에 있는 등 위원회가 제1호에 따른 의결을 할 수 없는 긴급한 경우\n\n③ 법원은 「민사집행법」 제104조에도 불구하고 제1항에 따른 신청이나 제2항에 따른 요청이 있고, 전세사기피해자(제12조에 따라 전세사기피해자등 결정을 신청한 자를 포함한다)가 임차보증금을 반환받지 못하여 생계나 주거안정에 지장을 줄 것이 우려되는 경우에는 채권자 및 채무자의 생활형편 등을 고려하여 경매유예등을 결정할 수 있다.\n\n④ 제3항에 따른 경매유예등의 기간은 그 유예 또는 정지한 날의 다음 날부터 1년 이내로 한다. 다만, 법원은 제3항에 따른 경매유예등의 사유가 해소되지 아니하였다고 인정되는 경우 직권으로 또는 전세사기피해자의 신청을 받아 그 기간을 연장할 수 있다.\n\n⑤ 국토교통부장관이 제2항제2호에 따라 경매유예등의 협조를 요청한 때에는 다음 위원회 또는 분과위원회에 보고하여 심의ㆍ의결을 받아야 하며, 부결된 경우에는 법원에 그 사실을 통보하여야 한다.<신설 2024. 9. 10.>']","A. **한 줄 결론**  
전세사기피해자 지원 특별법에 따라 경매유예·정지 신청이 가능하며, 매각기일 전까지 신청 시 경매 절차를 일시 중단할 수 있습니다.  

---

B. **지금 당장 할 일**  
1. **경매유예등 신청**  
   - 관할 법원에 「민사집행법」 제78조/제264조에 따른 경매유예·정지 신청서 제출 (매각기일 전까지)  
   - [참고 문서] 제17조 1항 및 3항 참조  

2. **전세사기피해자 신청 병행**  
   - 국토교통부 또는 시군구청에 「전세사기피해자등 결정 신청서」 제출 (지원 절차 동시 진행)  
   - [참고 문서] 제17조 3항 (피해자 신청자 포함)  

3. **증거 서류 준비**  
   - 임대차계약서, 보증금 송금 증빙, 경매 통지서 등 권리 관계 증명 자료 확보  

4. **국토교통부 협조 요청 확인**  
   - 국토교통부장관이 법원에 경매유예등 협조를 요청한 경우, 해당 사실 확인 (제17조 2항)  

5. **법원 심리 대비**  
   - 생계·주거 안정성 입증 자료 (소득 증명, 가족 상황 등) 추가 제출  

---

C. **법적 근거**  
- **전세사기피해자 지원 특별법 제17조 1항·3항**  
  - ""전세사기피해자는 법원에 경매유예등을 신청할 수 있으며, 법원은 보증금 미반환 시 생계·주거 안정성 등을 고려해 유예·정지 결정할 수 있음""  ","네, 전세사기 피해자로 ‘공식 결정 전’이라 하더라도
 일정 요건을 충족하면 경매를 일시적으로 멈출 수 있는 방법이 있습니다.
먼저, 경매 절차 자체는
 원칙적으로 법원이 정한 일정에 따라 진행되며,
 매각기일이 지정되었다고 해서
 자동으로 중지되지는 않습니다
 (경매 절차의 진행 – 민사집행법 제83조, 제84조).
다만, 전세사기피해자 지원 및 주거안정에 관한 특별법은
 전세사기 피해자에 대하여
 경매 절차에서의 특별한 보호 조치를 규정하고 있습니다.
전세사기피해자 지원 및 주거안정에 관한 특별법 제16조에 따르면,
 전세사기 피해자 또는 피해자에 해당할 가능성이 있는 자는
 주택에 대한 경매·공매 절차에서
 법원에 경매의 속행정지 또는 집행정지를 신청할 수 있습니다.
여기서 중요한 점은,
 이미 피해자로 최종 결정된 경우뿐만 아니라,
피해 사실이 소명되고
현재 피해자 인정 절차가 진행 중인 경우에도
경매 정지를 신청할 수 있다는 점입니다
 (전세사기 피해자 보호 취지 – 전세사기피해자 지원 및 주거안정에 관한 특별법 제1조).
또한 법원은
전세사기 피해 가능성
임차인의 주거 안정 필요성
경매 절차의 단계
등을 종합적으로 고려하여
 매각기일을 연기하거나 경매 절차를 일시 정지할 수 있습니다.
따라서 질문과 같이
 아직 전세사기 피해자에 대한 공식 결정이 내려지지 않았더라도,
피해 사실을 입증할 자료를 갖추어
법원에 경매정지 또는 속행정지 신청을 하면
경매를 멈출 수 있는 실질적인 가능성은 존재합니다.
정리하면,
매각기일이 잡혔다고 해서
 → 경매를 막을 수 없는 것은 아니고
전세사기 피해자이거나
 → 피해자 인정 절차가 진행 중인 경우에는
특별법에 따라
 → 경매 정지 또는 연기 신청이 가능합니다.
📌 법적 근거
민사집행법 제83조 (경매절차의 개시)
민사집행법 제84조 (경매절차의 진행 및 기일 지정)
전세사기피해자 지원 및 주거안정에 관한 특별법 제1조 (목적)
전세사기피해자 지원 및 주거안정에 관한 특별법 제16조 (경매·공매 절차에 대한 특례)",0.5063127,0.36363636363636365,10,"A. **한 줄 결론**  
전세사기피해자 지원 특별법에 따라 경매유예·정지 신청이 가능하며, 매각기일 전까지 신청 시 경매 절차를 일시 중단할 수 있습니다.  

---

B. **지금 당장 할 일**  
1. **경매유예등 신청**  
   - 관할 법원에 「민사집행법」 제78조/제264조에 따른 경매유예·정지 신청서 제출 (매각기일 전까지)  
   - [참고 문서] 제17조 1항 및 3항 참조  

2. **전세사기피해자 신청 병행**  
   - 국토교통부 또는 시군구청에 「전세사기피해자등 결정 신청서」 제출 (지원 절차 동시 진행)  
   - [참고 문서] 제17조 3항 (피해자 신청자 포함)  

3. **증거 서류 준비**  
   - 임대차계약서, 보증금 송금 증빙, 경매 통지서 등 권리 관계 증명 자료 확보  

4. **국토교통부 협조 요청 확인**  
   - 국토교통부장관이 법원에 경매유예등 협조를 요청한 경우, 해당 사실 확인 (제17조 2항)  

5. **법원 심리 대비**  
   - 생계·주거 안정성 입증 자료 (소득 증명, 가족 상황 등) 추가 제출  

---

C. **법적 근거**  
- **전세사기피해자 지원 특별법 제17조 1항·3항**  
  - ""전세사기피해자는 법원에 경매유예등을 신청할 수 있으며, 법원은 보증금 미반환 시 생계·주거 안정성 등을 고려해 유예·정지 결정할 수 있음""  ","['① 전세사기피해자는 전세사기피해주택이 「국세징수법」 제31조에 따라 압류되었거나 같은 법 제64조에 따른 매각절차가 진행 중인 경우 매각결정기일 전까지 관할 세무서장에게 매각절차의 유예 또는 정지(이하 이 조에서 “매각유예등”이라 한다)를 신청할 수 있다.\n\n② 국토교통부장관은 다음 각 호의 어느 하나에 해당하는 경우 관할 세무서장에게 매각유예등의 협조를 요청할 수 있다.<개정 2024. 9. 10.>\n\n1. 위원회가 제6조제2항제2호에 관한 사항을 심의ㆍ의결한 경우\n\n2. 매각결정기일이 위원회 개최일 이전에 있는 등 위원회가 제1호에 따른 의결을 할 수 없는 긴급한 경우\n\n③ 관할 세무서장은 「국세징수법」 제88조제2항 및 같은 법 제105조제1항에도 불구하고 제1항에 따른 신청이나 제2항에 따른 요청이 있고, 전세사기피해자(제12조에 따라 전세사기피해자등 결정을 신청한 자를 포함한다)가 임차보증금을 반환받지 못하여 생계나 주거안정에 지장을 줄 것이 우려되는 경우에는 채권자 및 채무자의 생활형편 등을 고려하여 매각유예등을 할 수 있다.\n\n④ 제3항에 따른 매각유예등의 기간은 그 유예 또는 정지한 날의 다음 날부터 1년 이내로 한다. 다만, 관할 세무서장은 제3항에 따른 매각유예등의 사유가 해소되지 아니하였다고 인정되는 경우 직권으로 또는 전세사기피해자의 신청을 받아 그 기간을 연장할 수 있다.\n\n⑤ 국토교통부장관이 제2항제2호에 따라 매각유예등의 협조를 요청한 때에는 다음 위원회 또는 분과위원회에 보고하여 심의ㆍ의결을 받아야 하며, 부결된 경우에는 관할 세무서장에게 그 사실을 통보하여야 한다.<신설 2024. 9. 10.>', '① 전세사기피해자는 전세사기피해주택이 「지방세징수법」 제33조에 따라 압류되었거나 같은 법 제71조에 따른 매각절차가 진행 중인 경우 매각결정기일 전까지 지방자치단체의 장에게 매각절차의 유예 또는 중지(이하 이 조에서 “매각유예등”이라 한다)를 신청할 수 있다.\n\n② 국토교통부장관은 다음 각 호의 어느 하나에 해당하는 경우 지방자치단체의 장에게 매각유예등의 협조를 요청할 수 있다.<개정 2024. 9. 10.>\n\n1. 위원회가 제6조제2항제2호에 관한 사항을 심의ㆍ의결한 경우\n\n2. 매각결정기일이 위원회 개최일 이전에 있는 등 위원회가 제1호에 따른 의결을 할 수 없는 긴급한 경우\n\n③ 지방자치단체의 장은 「지방세징수법」 제83조제1항 및 같은 법 제105조제1항에도 불구하고 제1항에 따른 신청이나 제2항에 따른 요청이 있고, 전세사기피해자(제12조에 따라 전세사기피해자등 결정을 신청한 자를 포함한다)가 임차보증금을 반환받지 못하여 생계나 주거안정에 지장을 줄 것이 우려되는 경우에는 채권자 및 채무자의 생활형편 등을 고려하여 매각유예등을 할 수 있다.\n\n④ 제3항에 따른 매각유예등의 기간은 그 유예 또는 중지한 날의 다음 날부터 1년 이내로 한다. 다만, 지방자치단체의 장은 제3항에 따른 매각유예등의 사유가 해소되지 아니하였다고 인정되는 경우 직권으로 또는 전세사기피해자의 신청을 받아 그 기간을 연장할 수 있다.\n\n⑤ 국토교통부장관이 제2항제2호에 따라 매각유예등의 협조를 요청한 때에는 다음 위원회 또는 분과위원회에 보고하여 심의ㆍ의결을 받아야 하며, 부결된 경우에는 지방자치단체의 장에게 그 사실을 통보하여야 한다.<신설 2024. 9. 10.>', '① 전세사기피해주택에 대하여 「민사집행법」 제78조 또는 같은 법 제264조에 따른 경매절차가 진행 중인 경우(「채무자 회생 및 파산에 관한 법률」 제496조제1항 또는 같은 법 제497조에 따라 환가하는 경우를 포함한다) 전세사기피해자는 법원에 매각기일의 지정을 보류하거나 지정된 매각기일의 취소 및 변경 등 경매절차의 유예ㆍ정지(이하 “경매유예등”이라 한다)를 신청할 수 있다. <개정 2024. 9. 10.>\n\n② 국토교통부장관은 다음 각 호의 어느 하나에 해당하는 경우 법원에 경매유예등의 협조를 요청할 수 있다.<개정 2024. 9. 10.>\n\n1. 위원회가 제6조제2항제2호에 관한 사항을 심의ㆍ의결한 경우\n\n2. 매각기일이 위원회 개최일 이전에 있는 등 위원회가 제1호에 따른 의결을 할 수 없는 긴급한 경우\n\n③ 법원은 「민사집행법」 제104조에도 불구하고 제1항에 따른 신청이나 제2항에 따른 요청이 있고, 전세사기피해자(제12조에 따라 전세사기피해자등 결정을 신청한 자를 포함한다)가 임차보증금을 반환받지 못하여 생계나 주거안정에 지장을 줄 것이 우려되는 경우에는 채권자 및 채무자의 생활형편 등을 고려하여 경매유예등을 결정할 수 있다.\n\n④ 제3항에 따른 경매유예등의 기간은 그 유예 또는 정지한 날의 다음 날부터 1년 이내로 한다. 다만, 법원은 제3항에 따른 경매유예등의 사유가 해소되지 아니하였다고 인정되는 경우 직권으로 또는 전세사기피해자의 신청을 받아 그 기간을 연장할 수 있다.\n\n⑤ 국토교통부장관이 제2항제2호에 따라 경매유예등의 협조를 요청한 때에는 다음 위원회 또는 분과위원회에 보고하여 심의ㆍ의결을 받아야 하며, 부결된 경우에는 법원에 그 사실을 통보하여야 한다.<신설 2024. 9. 10.>']",1,1,1,1,0,1,1,6,3,2487
