chunk_id,priority,category,case_no,title,section,src_title,source,page_content
PREC_2006가단61918_000,9,"['보증금_대항력', '분쟁해결', '권리_정보리스크', '계약해지_명도', '임대료_증감', '특약_유효성']",2006가단61918,원고가 대여금 회수 목적으로 임대차계약을 체결한 경우 주택임대차보호법상의 소액임차인 보호 대상에서 배제된다.,본문_p1,판례 2006가단61918,판례_2006가단61918.docx,"주택임대차보호법상 보호되는 소액임차인에 해당되는지 여부

[수원지법안산지원 2007. 7. 5. 2006가단61918]

 

[판시사항]

주택임대차보호법상 보호되는 소액임차인에 해당되는지 여부

 

[판결요지]

선순위 담보권자에 우선하여 채권을 회수하려는 것에 주된 목적이 있었던 경우 소액임차인으로 보호받을 수 없는 것임

 

 

[전문]

[주문]

1. 원고의 청구를 기각한다.

2. 소송비용은 원고가 부담한다.



 [청구취지]

 이 법원 2005타경20715호 부동산임의경매, 2005타경21814호(중복) 부동산임의경매 사건에 관하여 위 법원이 2006.11.29. 작성한 배당표 중 피고 주식회사 〇〇은행에 대한 배당액 72,000,000원을 66,533,102원으로, 피고 대한민국에 대한 배당액 2,533,102원을 0원으로, 원고에 대한 배당액 0원을 8,000,000원으로 각 경정한다.

 

[이유]

1. 기초사실(다툼 없는 사실)

가. 〇〇〇 소유의 〇〇시 〇〇구 〇〇동 〇〇〇-〇 〇〇〇〇〇〇빌딩 〇〇〇호, 〇〇〇호,〇〇〇호,〇〇〇호 및 〇〇시 〇〇구 〇〇동 〇〇〇-〇 제3층 제〇〇〇호(이하 〇〇시 〇〇구 〇〇동 〇〇〇-〇 제3층 제〇〇〇호를 이 사건 주택이라고 한다)에 관하여 근저당권자인 피고 주식회사 〇〇은행 등의 신청으로 진행된 이 법원 2005타경20715호 부동산임의경매, 2005타경21814호(중복) 부동산임의경매사건에서 피고 주식회사 〇〇은행은 근저당권자로서 7,200만 원을, 피고 대한민국(소관 〇〇세무서)은 국세압류권자로서 2,533,102원을 각 배당받았다.

나. 원고는 위 경매사건에서 〇〇〇으로부터 이 사건 주택 중 방 2칸을 임차보증금 2,000만 원에 임차한 소액임차인이라고 주장하며 경매법원에 권리신고 및 배당요구를 하였으나 배당에서 배제되었다.

다. 이에 원고는 위 배당기일에 피고 주식회사 〇〇은행에 대한 배당액 중 5,466,898원 및 피고 대한민국에 대한 배당액 전부에 대하여 이의를 진술하고, 이 사건 배당이의의 소를 제기하였다.

2. 당사자의 주장 및 판단

가. 당사자의 주장

원고는, 월세를 살다가 전세로 이사하기 위해 2,500만 원을 마련하고 있던 중 2004.12.21. 〇〇〇의 요청으로 2개월 후에 받기로 하고 위 2,500만 원을 이자를 월 2부로 하여 대여하였는데, 〇〇〇이 위 대여금을 변제하지 못하자 위 대여금 채무 중 일부의 변제에 갈음하여 이 사건 주택 중 방 2칸을 임차하기로 하고 임차보증금을 2,000만 원으로 정하여 임대차계약을 체결하고 이 사건 주택에 입주한 후 전입신고를 마쳤으므로, 원고는 주택임대차보호법이 정하는 소액임차인에 해당하여 배당절차에서 800만 원을 우선변제 받아야 한다고 주장하고, 이에 대하여 피고들은 원고가 가장임차인이거나, 이 사건 임대차계약은 거주를 목적으로 한 것이 아니라 소액임차인으로 보호받아 대여금을 회수할 목적으로 체결된 것이므로 원고는 주택임대차보호법상 보호되는 소액임차인에 해당하지 아니하므로 경매법원의 배당은 적법하다고 주장한다.

나. 판 단

(1) 그러므로 원고가 과연 진정한 임차인인지 여부에 관하여 살피건대, 갑 제1호증의 1,2, 갑 제2호증, 갑 제3호증의 1, 갑 제4호증의 각 기재에 의하면 원고가 2005.3.10. 〇〇〇으로부터 이 사건 주택 중 방 2칸을 임차보증금 2,000만 원에 임차하기로 하는 내용의 임대차계약서가 작성되고, 원고가 2005.3.31. 이 사건 주택으로 주민등록 전입신고를 마친 사실 및 〇〇〇이 원고로부터 2004.12.21. 2,500만 원을 차용한다는 내용의 약정각서가 작성된 사실을 인정할 수는 있다.

(2) 그러나, 한편 갑 제2, 4호증, 을 제3호증의 각 기재에 변론의 전체의 취지를 종합하여 인정할 수 있는 다음과 같은 사정, 즉 ① 이 사건 임대차계약서가 이사건 주택에 관한 부동산임의경매개시결정이 있기 불과 3개월여 전에 작성된 사실, ② 〇〇〇의 가족이 거주하는 이 사건 주택에 원고의 4인 가족이 방 2칸을 임차하여 거주하였다는 것은"
PREC_2006가단61918_001,9,"['보증금_대항력', '권리_정보리스크', '분쟁해결']",2006가단61918,"원고가 허위 임대차계약서를 통해 선순위 근저당권 채권자에게 우선 변제받으려 했던 점을 고려할 때, 주택임대차보호법상의 소액임차인 보호 대상에서 배제되어 경매 배당에서 제외되었다.",본문_p2,판례 2006가단61918,판례_2006가단61918.docx,"극히 이례적인 점, ③ 이 사건 임대차계약 당시 이 사건 주택에는 이미 채권최고액 7,200만 원으로 된 피고 주식회사 〇〇은행 명의의 근정당권설정등기, 채권최고액 3,000만 원으로 된 주식회사 〇〇〇〇〇저축은행 명의의 근정당권설정등기, 채권최고액 8억 8,400만 원으로 된 주식회사 〇〇은행 명의의 근저당권설정등기 및 대한민국 명의의 압류등기 등이 경료되어 있었던 점 등에 비추어 보면, 원고는 위 임의경매절차에서 최우선변제권이 인정되는 소액보증금을 배당받기 위하여 〇〇〇과 사이에 통정하여 허위의 임대차계약서를 작성한 후 이 사건 배당절차에 참가한 가장 임차인으로 봄이 상당하며, 원고가 제출한 증거들만으로는 위 인정을 뒤집어 원고가 진정한 임차인이라는 점을 인정하기에 부족하고, 달리 이를 인정할 만한 증거가 없으므로, 결국 원고의 위 주장은 이유 없다.

(3) 뿐만 아니라, 주택임대차보호법의 입법목적은 주거용 건물에 관하여 민법에 대한 특례를 규정함으로써 국민의 주거생활의 안정을 보장하려는 것이고(제1조), 주택임대차보호법 제8조 제1항에서 임차인이 보증금 중 일정액을 다른 담보물권자보다 우선하여 변제받을 수 있도록 한 것은, 소액임차인의 경우 그 임차보증금이 비록 소액이라고 하더라도 그에게는 큰 재산이므로 적어도 소액임차인의 경우에는 다른 담보권자의 지위를 해하게 되더라도 그 보증금의 회수를 보장하는 것이 타당하다는 사회보장적 고려에서 나온 것으로서 민법의 일반규정에 대한 예외규정인 바, 그러한 입법목적과 제도의 취지 등을 고려할 때, 채권자가 채무자 소유의 주택에 관하여 채무자와 임대차계약을 체결하고 전입신고를 마친 다음 그곳에 거주하였다고 하더라도 실제 임대차계약의 주된 목적이 주택을 사용 수익하려는 것에 있는 것이 아니고, 실제적으로는 소액임차인으로 보호받아 선순위 담보권자에 우선하여 채권을 회수하려는 것에 주된 목적이 있었던 경우에는 그러한 임차인을 주택임대차보호법상 소액임차인으로 보호할 수 없다고 할 것인데(대법원 2001.5.8. 선고 2001다14733 판결 등 참조), 가사 원고의 주장과 같이 〇〇〇에게 2,500만 원을 대여하고 이를 변제받기 위하여 〇〇〇과 임대차계약을 체결하고 이 사건 주택에 입주하였다고 하더라도, 위 (2)항에서 본 바와 같은 제반사정을 종합하여 보면, 그 임대차계약의 주된 목적은 주택을 사용, 수익하려는 것에 있는 것이 아니라 소액임차인으로 보호받아 선순위 담보권자에 우선하여 채권을 회수하려는 데에 있었다고 할 것이므로 위 판시 법리에 비추어 볼 때 원고를 주택임대차보호법상의 소액임차인으로 보호할 수는 없다. 따라서 원고를 배당에서 제외한 경매법원의 , 배당은 정당하다 할 것이다.

3. 결 론

그렇다면, 원고의 이 사건 청구는 이유 없어 이를 기각하기로 하여 주문과 같이 판결한다. 

 

[참조조문]

주택임대차보호법 제8조, 국세기본법 제35조"
PREC_2007가단123315_000,9,"['보증금_대항력', '분쟁해결', '임대료_증감']",2007가단123315,"주택임대차보호법상의 대항력을 갖추기 위해서는 임차인이 주택에 대한 직접적인 인도와 주민등록이 필수적이며, 일시적 주민등록 이탈은 대항력 소멸을 초래한다.",본문_p1,판례 2007가단123315,판례_2007가단123315.docx,"주택임대차보호법이 정한 주택 임차인의 대항력 요건 구비 여부

[대구지법 2008. 6. 13. 2007가단123315]



[판시사항]

주택임대차보호법이 정한 주택 임차인의 대항력 요건 구비 여부



[판결요지]

간접점유자는 주택임대차보호법이 정한 대항력의 요건을 갖추고 있다고 볼 수 없고, 대항력을 취득한 주택 임차인이 일시적이나마 다른 곳으로 주민등 록을 이전하였다면 주민등록의 이탈로써 대항력이 소멸되므로 청구인의 주 장은 이유 없다고 봄이 타당함.



[전문]

[주문]

1. ○○지방법원 2007타경10429호 부동산임의경매 사건에 관하여 경매법원이 2007. 11. 21. 작성한 배당표 중 원고들과 피고 ○○공단 부분을 취소하고 그 부분에 관하여 경매법원에 배당표의 재조제와 새로운 배당절차를 명한다.

2. 원고들의 피고 박○○, 박○칠, 박○근, 대한민국, 김○○에 대한 청구를 모두 기각한다.

3. 소송비용 중 원고들과 피고 ○○공단 사이에 생긴 부분은 위 피고가, 원고들과 나

머지 피고들 사이에 생긴 부분은 원고들이 각 부담한다.



[청구취지]

○○지방법원 2007타경10429호 부동산임의경매 사건에 관하여 경매법원이 2007. 11. 21. 작성한 배당표 중 피고 박○○에게 13,000,000원, 피고 박○칠에게 16,000,000원, 피고 박○근에게 16,000,000원, 피고 대한민국에게 5,118,910원, 피고 ○○공단에게 724,180원, 피고 김○○에게 8,018,606원을 배당한 부분을 취소하고, 원고 김○○에 대한 배당액 0원을 14,000,000원으로, 원고 홍○○에 대한 배당액 52,494,158원을 74,000,000원으로 각 경정한다. (위와 같은 취지로 선해한다.)





[이유]

1. 기초사실

가. 윤○○ 소유이던 ○○시 ○구 ○○동 ○○○○-○ 토지 및 지상 4층 다가구주택(위 다가구주택을 이하 ‘이 사건 건물’이라고 한다)에 관하여 2007. 3. 30.자 ○○지방법원 2007타경10429호로 임의경매개시결정이 내려졌고, 이에 따라 2007. 4. 3. 경매개시결정기입등기가 마쳐졌다.

나. 위 경매절차에서 경매법원은 배당기일인 2007. 11. 21. 별지 기재와 같은 배당표를 작성하였고, 원고들은 위 배당기일에 출석하여 피고들의 배당액에 대하여 이의한 후 그로부터 1주일 내인 2007. 11. 27. 이 사건 소를 제기하였다.

【인정근거】 다툼없는 사실



2. 원고 김○○의 청구원인 주장에 대한 판단

가. 청구원인 주장의 요지

원고 김○○은 2007. 1. 5. 윤○○으로부터 이 사건 건물 103호를 보증금 1,800만원에 임차하여 이를 인도받아 전입신고를 마친 소액임차인임에도, 경매법원이 원고 김○○에게 소액보증금을 배당하지 않은 것은 위법하다.

나. 피고 ○○공단에 대한 청구부분

민법 제150조 제3항에 의하여 위 피고가 원고 김○○의 주장사실을 자백한 것으로 본다.

다. 나머지 피고들에 대한 청구 부분

주택임차인은 주택의 인도와 주민등록의 요건을 갖추어야 주택임대차보호법 제3조 제1항 소정의 대항력을 취득한다. 갑 제1, 3호증의 각 기재 및 변론 전체의 취지에 의하면, 원고 김○○이 2007. 1. 5. 이 사건 건물 103호를 임차하는 계약을 체결하고 이를 인도받아 전입신고를 마친 사실을 인정할 수 있다. 주택임대차보호법 소정의 임차인의 주민등록은 ‘당해 주택에 주소 또는 거소를 가진 자’(주민등록법 제6조 제1항)의 것이어야 하는바, 이에 관하여 살펴본다.

갑 제5, 6호증의 각 기재, 증인 김○형, 김○환의 각 증언에 의하면, ① 원고 김○○은 이 사건 건물 103호를 임차하기 전인 2006. 1. 21. 윤○○으로부터 이 사건 건물 302호를 보증금 2,800만 원, 기간 2007. 1. 20.까지로 정하여 임차한 후 2006. 1. 24. 전입신고를 마치고 거주하여 온 사실, ② 이후 임차기간 만료 전인 2006. 11.경 결혼을 앞두고 윤○○에게 임대차계약 해지를 요구한 사실, ③ 원고 김○○은 임대차계약 해"
PREC_2007가단123315_001,9,"['보증금_대항력', '분쟁해결', '관리비_투명성']",2007가단123315,"원고 홍○○은 전세권설정등기를 통해 건물에 대한 권리를 주장했으나, 직접 거주하지 않았고 등기의 범위가 토지까지 미치지 않아 주택임대차보호법상의 대항력 요건을 충족하지 못해 ...",본문_p2,판례 2007가단123315,판례_2007가단123315.docx,"지를 전제로 윤○○에게 위 302호를 인도해 주었음에도 보증금 중 1,000원만을 반환받고 나머지 1,800만 원은 반환받지 못한 사실, ④ 이에 위 1,800만 원의 지급을 담보하기 위하여 2007. 1. 5. 윤○○과 사이에 공실 상태이던 이 사건 건물 103호에 관하여 보증금 1,800만 원으로 임대차계약을 체결하고, 텔레비전, 냉장고, 가스레인지 등 일부 가재도구를 위 103호에 옮겨 놓은 사실, ⑤ 그러나 원고 김○○은 위 103호에 실제로 거주하지는 아니하였고, 결혼과 출산으로 인하여 신혼집이 있는 ○○시나 병원과 친정집이 있는 ○○시에 거주해 온 사실, ⑥ 원고 김○○은 2007. 2.경부터 2007. 7.경까지 이 사건 건물 인근 부동산중개사무소 직원인 김○형에게 원고 김○○연의 물건이 남아 있는 위 103호에서 생활할 것을 허락하고 월 사용료 명목으로 5만 원을 지급 받아 온 사실을 인정할 수 있다.

위 인정사실에 의하면, 원고 김○○은 이 사건 건물에 관한 경매개시결정기입등기 이전부터 김○형을 통하여 이 사건 건물 103호를 간접점유하여 왔을 뿐 위 103호에 주소 또는 거소를 가지지는 아니하였다고 보아야 하는바, 간접점유자에 불과한 원고 김○○의 주민등록으로는 주택임대차보호법이 정한 대항력의 요건을 적법하게 갖추었다고 할 수 없다. 나아가 직접점유자에 해당하는 김○형이 이 사건 건물 103호에 주민등록을 마치지 않았음은 원고 김○○도 자인하고 있다.

그러므로 원고 김○○이 적법한 주민등록 등 주택임대차보호법이 정한 대항력의 요건을 갖추었음을 전제로 하여 소액임차인으로서 배당을 구하는 위 원고의 주장은 이유 없다.



3. 원고 홍○○의 청구원인 주장에 대한 판단

가. 청구원인 주장의 요지

원고는 2004. 2. 4. 윤○○으로부터 이 사건 건물 301호를 보증금 7,400만 원에 임차하여 이를 인도받았고, 같은 날 이 사건 건물에 전세권설정등기를 마쳤다. 원고는 2004. 1. 5. 전입신고를 마치고 임대차계약서에 확정일자를 받았다. 경매법원은 원고에게 전세권자의 지위를 인정하여 대지를 제외한 이 사건 건물의 매각대금에서 배당을 하였는데, 원고를 전세권자의 지위에서 토지와 건물을 포함한 매각대금에서 배당을 받을 권리가 있고 우선변제권 있는 주택임차인으로서도 배당을 받아야 한다. 이를 간과한 경매법원의 배당은 위법하다.

나. 피고 ○○공단에 대한 청구 부분

민법 제150조 제3항에 의하여 위 피고가 원고 홍○○의 주장사실을 자백한 것으로 본다.

다. 나머지 피고들에 대한 청구 부분

(1) 먼저 살피건대, 원고 홍○○이 토지에 관하여 전세권설정등기를 마쳤음을 인정할 아무런 증거가 없는 이 사건에서, 이 사건 건물에 관한 전세권설정등기의 효력이 토지에까지 미치지는 아니하므로, 원고가 건물의 전세권자 지위에서 토지의 매각대금을 배당받을 권리는 없다. 원고의 이 부분 주장은 이유 없다.

(2) 다음으로 보건대, 원고 홍○○이 2004. 1. 5. 이 사건 건물 301호에 전입신고를 마친 후 2007. 2. 9. ○○시 ○○면으로 전출하였다가 2007. 3. 27. 다시 위 301호에 전입신고를 마친 사실, 원고 홍○○이 전출한 기간 동안 위 301호에 원고의 다른 가족이 전입신고를 마치고 그 주택에 입주함으로써 일단 임차권의 대항력을 취득한 후 어떤 이유에서든지 일시적이나마 다른 곳으로 주민등록을 이전하였다면 이는 전체적으로나 종국적으로 주민등록의 이탈이라고 볼 수 있으므로 m 대항력은 그 전출 당시 이미 대항요건의 상실로써 소멸되는 것이다. 그 후 임차인이 얼마 있지 않아 다시 원래의 주소지로 주민등록을 재전입하였다 하더라도 이로써 소멸되었던 대항력이 당초 에 소급하여 회복되는 것이 아니라 그 재전입한 때부터 그와는 동일성이 없는 새로운 대항력이 재차 발생하는 것이다. 그렇다면, 원고는 재전입시인 2007. 3. 27.에 이르러 새로운 대항력을 취득하였다고 보아야 하는데, 을다 제1호증의 1 내지 4, 제2호증의 각 기재에 의하면, 피고들 가운데 가장 후순위자로서 우선변제권 있는 임차"
PREC_2007가단123315_002,9,"['보증금_대항력', '분쟁해결']",2007가단123315,"임대차 계약 확정일자를 통해 원고 김○○이 피고 ○○공단의 임차인으로서 후순위 권리자이므로, 원고들 간의 배당액 재조정이 필요해 경매법원에 재배당 절차를 명령했다.",본문_p3,판례 2007가단123315,판례_2007가단123315.docx,"인으로 배당받은 피고 김○○이 2006. 2. 16. 윤○○으로부터 이 사건 건물 102호를 임차하여 같은 날 전입신고를 마치고 임대차계약서에 확정일자를 받은 사실을 인정할 수 있으므로, 원고는 피고 김○훈보다 후순위권리자에 해당하게 된다. 그러므로 원고 홍○○이 우선변제권 있는 주택임차인으로 추가로 배당받을 수 있음을 전제로 한 이 부분 주장 또한 이유 없다.



4. 결론

원고들과 피고 ○○공단 사이에서는 원고들의 청구가 이유 있어 피고 ○○공단에 배당된 724,180원은 원고들 사이에서 배분하여야 한다. 그런데 위 피고가 원고들의 청구원인 사실을 모두 자백하고 있는 한편 원고들은 통상공동소송인의 지위에 있을 뿐 이어서 이 사건에서 원고들 사이의 위 배당액에 대한 배당관계를 판단할 방법이 없다. 그러므로 이 사건에서 곧바로 원고들이 수령할 배당액을 정함이 적당하지 아니하므로, 이 사건 배당표 중 원고들과 위 피고 부분을 취소하고 그 부분에 관하여 경매법원에 배당표를 재조제하여 새로운 배당절차를 실시할 것을 명한다. 지 피고들에 대한 청구는 모두 이유 없어 이를 기각한다.



[참조조문]

주민등록법 제6조, 주택임대차보호법 제3조, 민법 제150조"
PREC_2007가단4912_000,9,"['보증금_대항력', '권리_정보리스크', '분쟁해결', '임대료_증감']",2007가단4912,"소액임차인인 참가인은 정당한 대리인으로 임대차계약을 체결하고 보증금을 전액 지급하며 대항력을 확보하여, 국세보다 우선하는 배당권리를 인정받았다.",본문_p1,판례 2007가단4912,판례_2007가단4912.docx,"국세보다 우선하는 대항력을 갖춘 소액임차인 해당 여부

[수원지법안산지원 2008. 2. 14. 2007가단4912]





[판시사항]

국세보다 우선하는 대항력을 갖춘 소액임차인 해당 여부



[판결요지]

정당한 대리인으로서 이 사건 임대차계약을 체결하였으므로 이는 유효하게 성립되었다 할 것이고, 그 후 임차보증금 전액을 지급하고 주민등록전입신고를 마침으로써 대항력을 갖추었으므로 소액임차인으로서, 우선하여 배당 받을 권리가 있다고 할 것임



[전문]

[주문]

1. 이 법원 2006타경 14403호 부동산임의경매사건에 관하여 위 법원이 2007. 1. 26. 작성한 배당표 중 피고 ○○○○○○○○에 대한 배당금 54,000,000원을 52,453,368원으로, 피고 ○○○○에 대한 배당금 14,453,368원을 0원으로, 원고에 대한 배당액 0 원을 16,000,000원으로 각 경정한다. 

2. 소송비용은 피고들이 부담한다.



[청구취지]

주문과 같다.



[이유]

기초사실
가. 피고보조참가인(이하 ‘참가인’이라 한다)은 ○○시 △△동 499-35, 36, 37 지상에 △△△△△라는 빌라를 신축한 후 그 중 같은 동 499-37 △△△△△ ○동 ○○○호(이하 ‘이 사건 주택’이라 한다)를 포함한 28세대의 빌라에 관하여 2004. 9. 24. 소외 ○○○ ○○○ ○○○ 등(이하 ‘○○○ 등’이라 한다)에게 대금 6억 6,400만 원에 매도하는 계약(이하 ‘이 사건 매매계약’이라 한다)을 체결하고, 그 무렵 계약금과 중도금으로 합계 1억 원을 지급받았으나 나머지 잔금은 지급받지 못하였다.
나. 이 사건 매매계약 체결 당시 참가인은 수임자란을 공란으로 한 채 위 빌라 28세대에 관한 처분권한을 위임한다는 취지의 위임장을 작성하여 ○○○ 등에게 교부하였는데, 위 위임장의 ‘위임한 권한’란에는 ‘매매계약체결 및 임대계약체결 등’이라고 부동문자로 기재되어 있다.
다. ○○○ 등은 다시 위 빌라 28세대에 관한 매매계약 및 임대계약체결에 관한 권한을 ○○○공인중개사를 운영하는 ○○○에게 위임하면서, 참가인으로부터 교부받은 위임장의 수임자란에 ○○○의 이름을 기재하여 이를 ○○○에게 교부하였다.
라. ○○○는 참가인의 대리인 자격으로 원고와 사이에 2005. 1. 20. 이 사건 주택에 관하여 임차보증금 1,900만 원, 임차기간 2005. 1. 31.부터 2007. 1. 30.까지로 하는 내용의 임대차계약(이하 ‘이 사건 임대차계약’이라 한다)을 체결하였고, 원고는 그 무렵 임차보증금 전액을 지급하고 위 주택에 입주한 후 2005. 1. 25. 주민등록전입신고를 마쳤다.
마. 한편 참가인 소유의 이 사건 주택에 관하여는 근저당권자인 피고 ○○○○○○○○의 신청에 따라 이 법원 2006타경14403호로 부동산임의경매절차가 진행되었다.
바. 이 사건 주택이 경락되자 경매법원은 2007. 1. 26. 배당기일을 열어 실제 배당할 금액 68,481,418원에 대하여 1순위로 당해세교부권자인 ○○시에게 28,050원을, 2순위로 신청근저당권자인 피고 ○○○○○○○○에게 54,000,000원을, 3순위로 압류권자인 피고 ○○○에게 나머지 14,453,368원을 각 배당하고 원고를 배당에서 제외하는 내용의 배당표를 작성하였다.
사. 원고는 위 배당기일에 피고 ○○○의 배당액 전부와 피고 ○○○○○○○○의 배당액 중 1,546,632원에 대하여 이의를 진술하고 이 사건 소를 제기하였다.

판단
가. 청구원인에 대한 판단
원고는 참가인의 대리인인 ○○○로부터 임차보증금 1,900만 원에 이 사건 주택을 임차한 후 주민등록전입신고를 마치고 거주한 주택임대차보호법상의 소액임차인이므로, 경매법원은 원고에게 위 법이 정한 1,600만 원을 배당하여야 함에도 불구하고 원고를 배당에서 제외하였으므로 이는 위법하다고 주장한다.
살피건대 위 인정사실에 의하면 참가인은 ○○○ 등에게, ○○○ 등은 다시 ○○○에게 순차적으로 이 사건 주택을 포함한 28세대의 빌라에 관한 임대계약 체결권한까지를 포함하여 위임하였고, 이에 따라 ○○○는"
PREC_2007가단4912_001,9,"['보증금_대항력', '특약_유효성', '임대료_증감', '분쟁해결']",2007가단4912,"원고가 참가인의 위임을 받아 임대차계약을 체결하여 대항력을 갖추었고, 무권대리 주장에도 불구하고 표현대리로 유효하게 인정되어 소액임차인으로서 피고들보다 우선 배당받는 판결이 ...",본문_p2,판례 2007가단4912,판례_2007가단4912.docx,"참가인의 정당한 대리인으로서 원고와 사이에 이 사건 임대차계약을 체결하였으므로 이는 유효하게 성립되었다 할 것이며, 그 후 원고가 임차보증금 전액을 지급하고 주민등록전입신고를 마침으로써 대항력을 갖추었으므로 결국 원고는 주택임대차보호법이 정한 소액임차인으로서 피고들에 우선하여 1,600만 원을 배당받을 권리가 있다고 할 것이다.
나. 피고들 및 참가인의 주장에 대한 판단
이에 대하여 피고들 및 참가인은 이 사건 매매계약 체결 당시 특약사항으로 참가인이 인정하지 아니하는 전·월세 계약은 무효로 하기로 하였는데도 ○○○ 등이 매매계약 상태임을 이용하여 참가인의 인감증명서 등을 위조하는 방법으로 참가인의 허락 없이 임의로 원고와 이 사건 임대차계약을 체결하였으므로 이는 무효라는 취지로 주장한다.
그러나 매매계약 체결 당시 특약사항으로 “( ) 주 ○○○○에서 인정하지 않는 전·월세 계약은 무효로 한다”라고 기재되어 있는 사실은 인정되나, 이는 매매당사자인 참가인과 ○○○ 등 사이의 내부적인 약정에 불과하여 제3자인 원고에게 대항할 수 없고, 참가인이 ○○○ 등에게 이 사건 임대차계약 체결에 관한 권한을 위임한 사실이 인정되는 이상 인감증명서의 위조 여부는 이 사건 임대차계약의 효력에 영향을 미치지 아니한다. 또한 가사 ○○○의 이 사건 임대차계약체결행위를 무권대리행위라고 보더라도 참가인이 위임장을 교부함으로써 대리권수여의 의사를 표시하였고 원고가 대리권 없음을 알았거나 알 수 있었다는 사정이 엿보이지 않는 이상 이는 민법 제125조의 표현대리행위로서 유효하다.
다. 소결
따라서 원고를 배당에서 제외한 이 사건 배당표는 부당하므로 이 사건 배당표 중 피고 ○○○○○○○○에 대한 배당금 54,000,000원을 52,453,368원으로, 피고 ○○○에 대한 배당금 14,453,368원을 0원으로, 원고에 대한 배당액 0원을 16,000,000원으로 각 경정함이 상당하다.

결론
그렇다면 원고의 이 사건 청구는 이유 있어 이를 인용하기로 하여 주문과 같이 판결한다.





[참조조문]

민법 제125조, 주택임대차보호법 제8조"
PREC_2007가단6246_000,9,"['보증금_대항력', '분쟁해결', '권리_정보리스크', '임대료_증감']",2007가단6246,"참가인이 위임장을 통해 임대차계약 체결 권한을 위임받았으며, 이를 통해 체결된 계약은 민법상 표현대리로 유효하여 소액임차보증금 권리자에게도 배당이 인정되었다.",본문_p1,판례 2007가단6246,판례_2007가단6246.docx,"소액임차보증금 권리자의 배당이의

[수원지법안산지원 2008. 1. 24 2007가단6246]



[판시사항]

소액임차보증금 권리자의 배당이의



[판결요지]

임대차계약 체결에 관한 권한을 위임한 사실이 인정되는 이상 인감증명서의 위조 여부는 이 사건 임대차계약의 효력에 영향을 미치지 아니하며 임대차 계약체결 행위를 무권대리행위라고 보더라도 참가인이 위임장을 교부함으로 써 대리권수여의 의사를 표시하였고 원고가 , 대리권 없음을 알았거나 알 수 있었다는 사정이 엿보이지 않는 이상 이는 민법 제 125조의 표현대리행위로서 유효함



[전문]

[주문]

1 이 법원 2006타경14397호 부동산임의경매사건에 관하여 위 법원이 2007.2.2. 작성한 배당표 중 피고 ○○○○○협동조합에 대한 배당액 60,000,000원을 59,559,822원으로 피고 ○○○○에 대한 배당액 15,559,822원을 0원으로, 원고에 대한 배당액 0원을 16,000,000원으로 각 경정한다. 

2. 소송비용은 피고들이 부담한다.



[청구취지]

주문과 같다.



[이유]

기초사실
가. 피고보조참가인(이하 ‘참가인’이라 한다)은 ○○시 ○○동 499-35, 36, 37 지상에 ○○○○○라는 빌라를 신축한 후 그 중 같은 동 499-37 ○○ △△△△빌리지 ○동 ○호(이하 ‘이 사건 주택’이라 한다)를 포함한 28세대의 빌라에 관하여 2004.9.24. 소외 김○○, 최○○ (이하 ‘김○○ 등’이라 한다)에게 대금 6억 6,400만 원에 매도하는 계약(이하 ‘이 사건 매매계약’이라 한다)을 체결하고, 그 무렵 계약금과 중도금으로 합계 1억 원을 지급받았으나 나머지 잔금은 지급받지 못하였다.
나. 이 사건 매매계약 체결 당시 참가인은 수임자란을 공란으로 한 채 위 빌라 28세대에 관한 처분권한을 위임한다는 취지의 위임장을 작성하여 김 등에게 교부하였는데, 위 위임장의 ‘위임한 권한’란에는 ‘매매계약체결 및 임대계약체결 등’이라고 부동문자로 기재되어 있다.
다. 김 등은 다시 위 빌라 28세대에 관한 매매계약 및 임대계약체결에 관한 권한을 ○○○공인중개사를 운영하는 최○○에게 위임하면서, 참가인으로부터 교부받은 위임장의 수임자란에 최○○의 이름을 기재하여 이를 최○○에게 교부하였다.
라. 최○○는 참가인의 대리인 자격으로 원고와 사이에 2004.12.30.부터 2006.12.29.까지로 하는 내용의 임대차계약(이하 ‘이 사건 임대차계약’이라 한다)을 체결하였고, 원고는 그 무렵 임차보증금 전액을 지급하고 위 주택에 입주한 후 2004.12.31. 주민등록전입신고를 마쳤다.
마. 한편 참가인 소유의 이 사건 주택에 관하여는 근저당권자인 피고 ○○○○협동조합의 신청에 따라 이 법원 2006타경14397호로 부동산임의경매절차가 진행되었다.
바. 이 사건 주택이 경락되자 경매법원은 2007.2.2. 배당기일을 열어 실제 배당할 금액 75,592,082원에 대하여 1순위로 당해세교부권자인 ○○시에게 32,260원을, 2순위로 신청근저당권자인 피고 ○○○○협동조합에게 60,000,000원을, 3순위로 압류권자인 피고 대한민국 ○○세무서에게 배당하고, 나머지 15,559,822원을 각 배당하며 원고를 배당에서 제외하는 내용의 배당표를 작성하였다.
사. 원고는 위 배당기일에 피고 ○○○○의 배당액 전부와 피고 ○○○○협동조합의 배당액 중 440,178원에 대하여 이의를 진술하고 이 사건 소를 제기하였다.

판단
가. 청구원인에 대한 판단
원고는 참가인의 대리인인 최○○로부터 임차보증금 1,800만 원에 이 사건 주택을 임차한 후 주민등록전입신고를 마치고 거주한 주택임대차보호법상의 소액임차인이므로, 경매법원은 원고에게 위 법이 정한 1,600만 원을 배당하여야 함에도 불구하고 원고를 배당에서 제외하였으므로 이는 위법하다고 주장한다.
살피건대 위 인정사실에 의하면 참가인은 김 등에게, 김 등은 다시 최○○에게 순차적으로 이 사건 주택을 포함한 28세대의 빌라에 관한 임대계약체결권한까지를 포함하여 위임하였고, 이에 따라 최○○는 참가인의 정당한 대"
PREC_2007가단6246_001,9,"['보증금_대항력', '특약_유효성', '임대료_증감', '권리_정보리스크', '분쟁해결']",2007가단6246,"원고가 임차보증금을 전액 지급하고 주민등록전입신고를 완료하여 대항력을 갖추었으며, 내부 특약사항에도 불구하고 참가인의 위임으로 임대차계약이 유효하게 체결되어 소액임차인으로서 ...",본문_p2,판례 2007가단6246,판례_2007가단6246.docx,"리인으로서 원고와 사이에 이 사건 임대차계약을 체결하였으므로 이는 유효하게 성립되었다 할 것이며, 그 후 원고가 임차보증금 전액을 지급하고 주민등록전입신고를 마침으로써 대항력을 갖추었으므로 결국 주택임대차보호법이 정한 소액임차인으로서 피고들에 우선하여 1,600만 원을 배당받을 권리가 있다.
나. 피고들 및 참가인의 주장에 대한 판단
이에 대하여 피고들 및 참가인은 이 사건 매매계약 체결 당시 특약사항으로 참가인이 인정하지 아니하는 전·월세 계약은 무효로 하기로 하였는데도 김 등이 매매계약 상태임을 이용하여 참가인의 인감증명서 등을 위조하는 방법으로 참가인의 허락 없이 임의로 원고와 이 사건 임대차계약을 체결하였으므로 이는 무효라는 취지로 주장한다.
그러나 매매계약 체결 당시 특약사항으로 “○○건설에서 인정하지 않는 전·월세 계약은 무효로 한다”라고 기재되어 있는 사실은 인정되나, 이는 매매당사자인 참가인과 김 등 사이의 내부적인 약정에 불과하여 제3자인 원고에게 대항할 수 없고, 참가인이 김 등에게 이 사건 임대차계약 체결에 관한 권한을 위임한 사실이 인정되는 이상 인감증명서의 위조 여부는 이 사건 임대차계약의 효력에 영향을 미치지 아니한다. 또한 가사 최○○의 이 사건 임대차계약체결행위를 무권대리행위라고 보더라도 참가인이 위임장을 교부함으로써 대리권수여의 의사를 표시하였고 원고가 대리권 없음을 알았거나 알 수 있었다는 사정이 엿보이지 않는 이상 이는 민법 제125조의 표현대리행위로서 유효하다.
다. 소결
따라서 원고를 배당에서 제외한 이 사건 배당표는 부당하므로 이 사건 배당표 중 피고 ○○○○협동조합에 대한 배당금 60,000,000원 중 59,559,822원을, 피고 ○○○○에 대한 배당금 15,559,822원을 각 감액하고 원고에 대한 배당액을 16,000,000원으로 경정함이 상당하다.

결론
그렇다면 원고의 이 사건 청구는 이유 있어 이를 인용하기로 하여 주문과 같이 판결한다.





[참조조문]

국세징수법 제24조, 민법 제125조"
PREC_2007구합1816_000,9,"['보증금_대항력', '권리_정보리스크', '분쟁해결', '임대료_증감']",2007구합1816,"임대차 계약 중 잔금 미지급 상태에서 공매된 주택의 경우, 소액임차인으로서 임차보증금의 우선변제를 받을 수 없으며, 임대인이 잔금을 포기하지 않았기 때문에 원고의 청구가 기각...",본문_p1,판례 2007구합1816,판례_2007구합1816.docx,"소액임차인에 해당하여 공매대금을 분배 받을 수 있는지 여부 

[청주지법 2008. 6. 5. 2007구합1816]



[판시사항]

소액임차인에 해당하여 공매대금을 분배 받을 수 있는지 여부



[판결요지]

임대차계약에 따른 보증금 중 잔금을 임차인이 미지급한 상태에서 당해 주택이 공매될 경우 임대인이 잔금을 포기한 사실이 없으므로 주택임대차계약의 임차보증금은 당초 계약대로 유지되며 소액임차인으로서 우선변제 대상에 해당하지 않는다.



[전문]

[주문]

1. 원고의 청구를 기각한다.

2. 소송비용은 원고가 부담한다.



[이유]

1. 기초사실

가. 원고는 2005.10.27. 소외 주식회사 ○○건설(이하 ‘○○건설’이라 한다)과 사이에 ○○ ○○군 ○○읍 ○○리 ○○번지(이하 ‘이 사건 건물’이라 한다)에 관하여 ‘임차보증금 45,000,000원’, ‘임대차기간 2005. 10 .27.부터 24개월’, ‘계약금 5,000,000원은 계약시 지불하고, 중도금 20,000,000원은 2005. 11. 10. 지불하며, 잔금 원은 지불한다 20,000,000 2006. 3. 30. ’는 내용의 주택임대차계약을 체결하고, 2005. 11. 10.까지 계약금 및 중도금으로 총 25,000,000원을 지급하였다.

나. 그런데 원고는 중도금 지급 이후 이 사건 부동산에 대하여 근저당권 등이 설정되어 담보가치가 많이 줄어들었다는 이유를 들어 2006. 3. 30. 지급하기로 약속한 잔금 20,000,000원은 지급하지 않았고, 한편 이 사건 임대차와 관련하여 2005. 11.25.경 전입신고를 마친 뒤 2006. 4. 16.경 확정일자를 받았다.

다. 그러던 중 피고는 ○○건설이 국세를 체납하자 이를 징수하기 위하여 2006. 5.25. 이 사건 건물을 압류하여 한국자산관리공사 ○○지사에 공매의뢰 하였고, 이에 따라 건물을 매각한 후 2007. 4. 11. 매각대금 48,111,000원과 예치이자 67,118원의 합계액 48,178,118원을 배분하게 되었는데, 그 내역을 살펴보면 1순위 체납처분비 1,871,810원, 2순위 이○○(입급채권자) 23,680,000원, 3순위 ○○세무서 22,626,308원으로 각 배분하였다.

라. 원고는 위 공매대금 배분시 주택임대차계약상 지급된 임차보증금이 25,000,000원이므로 주택임대차보호법상 우선변제를 받을 수 있는 소액임차인에 해당한다고 주장하며 피고에게 권리신고 및 배분요구를 하였는데, 피고는 원고가 위 소액임차인에 해당하지 않는다는 이유로 배분을 거부하는 이 사건 처분을 하였다(원고는 배분 당시 이 사건 처분에 이의한 후, 2007. 4. 16.경 ○○세무서장에게 재차 이의신청하였다가 2007. 5. 9. 그 신청이 기각되었고, 2007. 6. 13. ○○청장에게 심판을 청구하였으나 2007. 8. 27. 그 청구가 기각되었다).



[인정 근거] 다툼 없는 사실, 갑제1. 2. 4 내지 11호증(각 가지번호 포함)의 각 기재. 변론 전체의 취지

2. 처분의 적법 여부

가 원고의 주장 .

○○건설과 계약한 임차보증금 45,000,000원 중 원고가 실제로 지급한 금액은 25,000,000원이고 나머지 잔금에 대해서는 임대인이 포기하였으므로 사실상 위 주택임대차계약의 임차보증금은 25,000,000원으로 변경된 것이고, 그렇다면 원고는 주택임대차보호법상 우선변제를 받을 수 있는 소액임차인에 해당하는데도 불구하고 원고가 위 소액임차인에 해당하지 않는다는 이유로 배분을 거부한 이 사건 처분은 위법하다.

나 관계법령 .

별지 기재와 같다.

다 판단 .

주택임대차보호법 제 조 동법 시행령 제 8 , 3조 제1항, 제4조에 의하면 수도권 중 과밀억제권역 및 광역시 밖의 지역에서 주택을 임차한 임차인은 그 임차보증금이 30,000,000원 이하일 경우에는 민사집행법에 의한 경매나 국세징수법에 의한 공매시 12,000,000원까지를 임차한 주택의 환가대금에서 국세나 다른 담보물권자보다 최우선하여 변제받을 수 있다.

그런데 갑제1호증(임대차계약서), 갑"
PREC_2007구합1816_001,9,"['보증금_대항력', '권리_정보리스크', '분쟁해결']",2007구합1816,"원고가 소액임차인에 해당하지 않아 잔금 지급 의무를 유지하며, 피고의 공매대금 배분 거부 처분은 적법하다고 판결되었다.",본문_p2,판례 2007구합1816,판례_2007구합1816.docx,"제2호증의 1, 2(각 영수증)의 각 기재, 증인 김○○, 권○○의 각 증언에 변론 전체의 취지를 더하면 원고는 2005. 10. 27. ○○건설과 사이에 이 사건 건물에 관하여 임차보증금을 45,000,000원으로 하는 내용의 주택임대차계약을 체결한 사실, 다만 중도금 지급 이후 이 사건 부동산의 담보가치가 줄었다는 이유를 들어 잔금 20,000,000원은 지급하지 아니한 사실, 원고가 잔금을 지급하지 아니하자 ○○건설 대표 등은 잔금채권을 포기하지 아니한 채 계속적으로 잔금지급을 원고에게 독촉한 사실을 인정할 수 있는바, 그렇다면 위 주택임대차계약의 임차보증금은 45,000,000원으로 유지되고 있다 할 것이고, 위 주택임대차계약의 임차보증금이 25,000,000원으로 변경되었다는 취지의 원고 주장은 이유가 없다.

그러므로 이 사건에서 원고가 소액임차인에 해당하지 않는다는 이유로 공매대금의 배분을 거부한 피고의 이 사건 처분은 적법하다.

3. 결론

그렇다면 피고의 이 사건 처분이 위법함을 전제로 그 취소를 구하는 원고의 청구는 이유 없으므로 이를 기각하기로 하여 주문과 같이 판결한다.



[참조조문]

국세기본법 제35조, 국세기본법 제2조, 주택임대차보호법 제8조"
PREC_2008가단15031_000,9,"['보증금_대항력', '분쟁해결', '권리_정보리스크', '수선_원상회복', '임대료_증감']",2008가단15031,원고가 소액임차인으로 인정받지 못한 이유는 현금 인출 사실이 증거 부족으로 인해 확인되지 않았기 때문입니다.,본문,판례 2008가단15031,판례_2008가단15031.docx,"주택임대차보호법상 소액임차인에 해당하는지 여부

[인천지법 2008. 10. 17 2008가단15031]



[판시사항]

주택임대차보호법상 소액임차인에 해당하는지 여부



[판결요지]

현금으로 송금 즉시 현금 인출한 점은 증거자료를 만들기 위한 것으로 보이고 동 금원의 출처나 인출 후 사용내역에 대하여 별다른 자료 제출 내역이 없어 소액임차인으로 볼 수 없음



[전문]

[주문]

1. 원고의 피고들에 대한 각 청구를 기각한다. 

2. 소송비용은 원고가 부담한다.



[청구취지]

인천지방법원 2007타경37846 임의경매 사건에서 같은 법원이 2008.1.30. 작성한 배당표 중 피고 중소기업은행에 대한 배당액 60,000,000원 중 43,823,531원을 원고로 변경하고, 피고 대한민국에 대한 배당액 264,210원과 김○자에 대한 배당액 1,559,321원을 삭제하고 원고에게 18,000,000원을 배당하는 것으로 경정한다. 진행된 2008.9.26. 조정기일에서 김○자에 대한 배당액 1,559,321원을 삭제하고 위 금원을 원고에게 배당하는 것으로 원고와 김○자 사이에는 조정이 성립되었다.



[이유]

1. 기초사실

가. 별지 목록 기재 부동산(이하 ‘이 사건 부동산’이라 한다)은 김○자의 소유였는데, 피고 중소기업은행의 임의경매신청에 따라 인천지방법원 2007타경37846호로 2007.6.18.자 경매개시결정이 있었다.

나. 원고는 2007.5.31. 이 사건 부동산의 주소지로 전입신고를 하였고, 같은 날 이 사건 부동산에 관하여 임차보증금 18,000,000원으로 기재된 2007.5.29.자 임대차계약서에 대하여 확정일자를 갖추었으며, 위 경매절차 계속 중인 2007.8.27. 이 사건 부동산의 소액임차인임을 주장하며 경매법원에 권리신고 및 배당요구를 하였다.

다. 경매법원은 2008.1.30. 위 경매절차의 배당기일에서 배당할 금액 중 집행비용을 공제한 나머지 85,901,568원을 실제 배당할 금액으로 정하여 배당하면서, 1순위 근저당권자인 농업협동조합중앙회에 24,078,037원, 2순위 근저당권자인 피고 중소기업은행에 60,000,000원, 3순위 교부권자인 피고 대한민국 북인천세무서에 264,210원을 각 배당하고, 나머지 1,559,321원을 김○자에게 배당하는 것으로 배당표를 작성하였다.

라. 원고는 위 배당기일에 출석하여 김○자에 대한 배당금 전부, 피고 대한민국에 대한 배당금 전부 및 피고 중소기업은행에 대한 배당금 중 14,176,469원에 대하여 이의를 진술하고 이 사건 소를 제기하였다.

2. 당사자의 주장 및 그에 대한 판단

가. 주장

원고는 혼인신고를 하지는 않았지만 소외 김○일과 결혼식을 올리고 부천시 ○○구 ○○동 590- 소재 주택에서 신혼생활을 하다가 성격차이 등으로 헤어지면서 위 ○○동 690- 소재 주택의 임차보증금 6,000만 원 중 2,000만 원을 현금으로 받아 이 사건 부동산에 관하여 임대차계약을 체결하고 전입신고를 마쳤으므로 주택임대차보호법상의 소액임차인임에도 원고를 배당에서 제외하는 것은 부당하다고 주장한다. 이에 대하여 피고들은 임대차계약을 체결하였다고 주장하는 시기가 경매개시결정 직전이고, 이 사건 임대차계약서에 기재된 공인중개사가 경매절차에서 소액임차인이라고 주장하는 사람들의 임대차계약서상 자주 등장하는 공인중개사인 점 등에 비추어 원고는 가장임차인이라고 다툰다.

나. 판단

제출된 증거들, 이 법원의 우리은행에 대한 사실조회결과 및 변론 전체의 취지를 종합하면 원고의 주장은 받아들이기 어렵다.

3. 결론

그렇다면 원고가 이 사건 부동산에 대한 주택임대차보호법상의 대항력을 갖춘 소액임차인임을 전제로 하는 원고의 청구는 이유 없어 이를 기각하기로 하여 주문과 같이 판결한다."
PREC_2008나11853_000,9,"['보증금_대항력', '분쟁해결', '권리_정보리스크', '계약해지_명도', '특약_유효성', '임대료_증감']",2008나11853,"주택임대차보호법의 적용은 주거 목적의 임대차 계약에서만 이루어지며, 실질적인 임대차보증금 지급이 필수적임을 강조한다.",본문_p1,판례 2008나11853,판례_2008나11853.docx,"주택임대차보호법의 보호를 받기 위한 임차의 범위

[수원지법 2008. 12. 17. 2008나11853]

 

[판시사항]

주택임대차보호법의 보호를 받기 위한 임차의 범위 

 

[판결요지]

주택임대차보호법의 보호를 받기 위한 임대차 계약은 주거 목적의 임대차계약에 해당하여야 하고 건물을 임대하여 준 자가 임대권한이 있음이 전제 되어야 할 뿐만 아니라 실질적으로 임대차보증금이 지급된 경우에 한한다고봄이 상당함

 

 

[전문]

[주문]

1. 원고의 피고들에 대한 항소를 모두 기각한다.

2. 항소비용은 원고가 부담한다. 

 

[청구취지]

제1심 판결을 취소한다. 원고에게, 피고 ○○○○ 주식회사는 금 9,142,495원, 피고 ○○○○○○○○○는 금 3,087,488원, 피고 ○○시는 금 1,173,020원, 피고 대한민국은 금 2,499,490원 및 각 이에 대하여 이 사건 소장 부본 송달일 다음날부터 다 갚는 날까지 연 20%의 비율에 의한 금원을 지급하라.

 

 

[이유]

수원지방법원 타경 부동산임의경매 2006 55080 사건에서 정○○ 소유의 ○○시 ○○구 ○동 ○○-○○ ○○○○○ ○동 ○○○호(이하 '이 사건 건물'이라 한다)에 관하여 임의경매절차가 개시되어 이 사건 건물의 매각대금 중 집행비용을 제외한 나머지 금액으로 임대차보증금 1,600만 원의 소액임차인으로서 배당요구한 원고를 배제하고, 피고들 등에게 배당금을 내용의 배당표가 작성된 사실은 당사자들 사이에 다툼이 없다. 원고는 ○○시 ○○구 ○동 ○○-○○ ○○○○○ ○동 ○○○호(이하 '이 사건 건물'이라 한다)의 임차인임을 전제로, 확정일자 있는 원고의 임차권이 피고들의 채권보다 우선하므로, 이 사건 건물에 대한 임의경매 사건에서 원고를 배제하고 작성된 배당표는 경정해야 한다고 주장한다(원고는 위 배당절차 및 이 사건 제1심 재판에서는 임대차보증금이 1,600만 원인 소액임차인이라고 주장하다가 당심에서 임대차보증금이 2,200만 원인 임차인이라고 주장하고 있다). 주택임대차보호법 제2조에서는 위 법은 주거용 건물의 전부 또는 일부의 임대차에 관하여 이를 적용하며, 그 임차주택의 일부가 주거 외의 목적으로 사용되는 경우에도 이를 적용한다고 되어 있는 점에 비추어, 주거 목적의 임대차 계약의 경우에만 적용된다고 보아야 할 것이고, 비록 임대차 계약은 타인 소유의 건물에 관하여 체결할 수 있다고 하더라도 주택임대차보호법의 보호를 받기 위해서는 건물을 임대하여 준 자가 임대권한이 있음을 전제로 할 뿐만 아니라 실질적으로 임대차보증금이 지급된 경우에 한한다고 봄이 상당하다고 할 것인데, 먼저, 원고가 이 사건 건물을 주거 목적으로 임차하였는지 여부에 관하여, 갑 3호증의 1, 2, 3, 4, 갑 7호증의 각 기재만으로는 이를 인정하기 부족하며, 달리 이를 인정할 증거가 없고, 오히려 다음과 같은 사정, 즉 원고는 이 사건 건물에 이미 그 시가에 상당한 액수의 금액을 채권최고액으로 하는 근저당권이 설정되어 있어서 조만간 경매될 수도 있다는 것을 알면서도, 부동산중개업자로부터 임대차보증금은 보장된다는 말을 믿고 이 사건 건물에 거주하게 되었다고 주장하는데, 만일 원고가 주거를 목적으로 하였다면, 이러한 경매로 인하여 언제 퇴거해야 할지 모를 불안정한 건물에 관한 임대차계약을 체결하였다고 보기 어려운 점에 비추어 보면, 원고는 주거 목적으로 위와 같은 임대차계약을 체결하였다고 보기 어렵고, 다음으로, 원고가 이 사건 건물의 적법한 임차권자인지 여부에 관하여, 원고는 이 사건 건물의 소유자인 정○○로부터 임대 권한을 위임받은 부동산중개업자와 이 사건 건물에 관하여 적법하게 임대차계약을 체결하였다고 주장하지만, 위 부동산중개업자가 이 사건 건물에 관한 임대 권한을 갖고 있다는 점에 관하여 갑 2, 9, 10호증의 각 기재만으로는 이를 인정하기에 부족하고, 달리 이를 인정할 증거가 없으며(원고는 정○○에게 전화하여 부동산중개업자의 임대 권한을 확인하였다고 주장하나, 을라 2호증의 1의 기재에 의하면, 이와 반대로 정○○에게는 아무런"
PREC_2008나11853_001,9,"['보증금_대항력', '분쟁해결', '권리_정보리스크']",2008나11853,"원고의 임대차보증금 지급 사실에 대한 증거 부족으로 인해 청구 기각되었으며, 부동산중개업자로부터 직접 보증금 수령 권한이 없다는 법리에 따라 판결이 확정되었다.",본문_p2,판례 2008나11853,판례_2008나11853.docx,"확인도 하지 않은 사실만이 인정될 뿐이고, 달리 이를 인정할 증거도 없다). 끝으로, 원고가 임대차보증금 2,200만 원을 부동산중개업자에게 실제로 지급하였는지 여부에 관하여도, 갑 10호증의 기재는 원고가 제1심에서 주장한 내용과 전혀 다른 내용일 뿐만 아니라 단지 사적으로 작성된 영수증에 불과하고 그 조작 가능성이 얼마든지 있어서, 이를 그대로 믿기 어렵고, 갑 9호증의 기재만으로는 원고가 부동산중개업자에게 위 임대차보증금 2,200만원을 실제로 지급했다는 점을 인정하기에 부족하며, 달리 이를 인정할 증거가 없을 뿐만 아니라 원고는 위 임대차보증금을 부동산중개업자에게 지급하였다는 것인데, 앞서 본 바와 같이 부동산중개업자가 임대 권한이나 그 임대차보증금을 수령할 권한을 정○○로부터 수여받았다고 볼 수 없으므로, 원고의 위 주장은 나머지 점에 관하여 더 나아가 살펴볼 필요 없이 이유 없다. 그렇다면, 원고의 피고들에 대한 청구는 이유 없으므로 이를 기각하여야 할 것인 바, 제1심 판결은 이와 결론을 같이하여 정당하고, 원고의 피고들에 대한 항소는 이유 없으므로 이를 모두 기각하기로 하여 주문과 같이 판결한다.

  

[참조조문]

국세기본법 제35조, 주택임대차보호법 제2조"
PREC_2008누1465_000,9,"['분쟁해결', '보증금_대항력', '권리_정보리스크', '임대료_증감']",2008누1465,"소액임차인이라도 미납 잔금이 존재하는 주택의 공매 시 보증금 전액을 분배받지 못하고, 소액임차인 요건에 해당하지 않아 우선변제 대상이 아님을 확인했다.",본문,판례 2008누1465,판례_2008누1465.docx,"소액임차인에 해당하여 공매대금을 분배 받을 수 있는지 여부

[대전고법 2008. 9. 4. 2008누1465]



[판시사항]

소액임차인에 해당하여 공매대금을 분배 받을 수 있는지 여부



[판결요지]

임대차계약에 따른 보증금 잔금이 미납된 상태에서 주택이 공매되었다 하더 라도 임대인이 잔금을 포기한 사실이 없으므로 동 보증금은 당초 계약대로 유지되며, 보증금 가액이 소액임차인 요건에 해당안되므로 우선변제 대상에 해당하지 않음



[전문]

[주문]

1. 원고의 항소를 기각한다.

2. 항소비용은 원고가 부담한다.



[청구취지]

제1심 판결을 취소한다. 피고가 2007.4.11. 원고에 대하여 한 공매대금배분거부처분을 취소한다.



[이유]

1. 제1심판결의 인용

이 법원이 이 사건에 관하여 설시할 이유는 ①제1심 판결문 제3면 제16행의 “주택임대차보호법 제8조, 동법 시행령 제3조 제1항, 제4조”를	“구 주택임대차보호법(2007.8.3. 법률 제8583호로 개정되기 전의 것) 제8조, 제3조 제1항, 구 주택임대차보호법 시행령(2008.8.21. 대통령령 제20971호로 개정되기 전의 것) 제3조 제1항, 제4조” 로, ② 제5면 이하 관계법령의 “주택임대차보호법”을 “구 주택임대차보호법(2007.8.3. 법률 제8583호로 개정되기 전의 것)”으로,	“주택임대차보호법시행령”을 “구 주택임대차 보호법 시행령2008. 8. 21. 대통령령 제20971호로 개정되기 전의 것)”으로 “국세징수법”을 “구 국세징수법(2007. 12. 31. 법률 제8832호로 개정되기 전의 것)”으로 각 고치는 이외에는 제1심 판결 이유 기재와 같으므로, 행정소송법 제8조 제2항, 민사소송법 제420조 본문에 의하여 이를 그대로 인용한다.

2. 결론

그렇다면, 원고의 이 사건 청구는 이유 없으므로 이를 기각할 것인바, 제1심 판결은 이와 결론으로 같이하여 정당하고, 원고의 항소는 이유 없으므로 이를 기각하기로 하여, 주문과 같이 판결한다.



[참조조문]

국세기본법 제2조, 국세기본법 제35조, 민사소송법 제420조, 행정소송법 제8조, 주택임대차보호법 제8조"
PREC_2013가단23720_000,9,"['보증금_대항력', '분쟁해결', '임차권_승계', '임대료_증감', '권리_정보리스크', '수선_원상회복']",2013가단23720,"상가주택 겸용 임차인은 관할 세무서에서 확정일자를 받지 않으면 주택임대차보호법상의 우선변제권을 행사할 수 없으며, 이에 따라 원고의 배당청구는 기각되었다.",본문_p1,판례 2013가단23720,판례_2013가단23720.docx,"우선변제권이 있는 임차인여부

[대전지법 2013. 11. 5. 2013가단23720]



[판시사항]

우선변제권이 있는 임차인여부



[판결요지]

상가주택 겸용 임차인의 경우 우선변제권은 상가건물의 경우 우선변제권은 관할 세무서에서 확정일자를 받아야 하며, 주택임대차보호법에 따른 우선 변제권이 적용되는 임차권 중 등기 안 된 임차권자의 임대차보증금 반환채권 은 주택임대차보호법에 따른 배당요구를 하여야 한다.



[전문]

[주문]

1. 원고의 청구를 기각한다.

2. 소송비용은 원고가 부담한다.



[청구취지]

대전지방법원 2010타경21757 부동산 임의경매 사건에 관하여 위 법원이 2013. 6. 5. 작성한 배당표 중 피고에 대한 배당액 OOOO원을 OOOO원으로, 원고에 대한 배당액 OOOO원을 OOOO원으로 각 경정한다.



[이유]

1. 이 사건 배당표의 작성

가. 김BB 등이 소유하던 별지 목록 기재 각 부동산(이하 2항 기재 건물을 ‘이 사건 건물’ 이라 한다)에 관한 청구취지 기재 경매절차에서(이하 ‘이 사건 경매절차’라 한다), 피고는 이 사건 건물 1층 부분에 대한 상가임차인으로서 권리신고 및 배당요구를 하였다.

나. OO세무서는 2010. 4. 5. 별지 기재 각 부동산 중 김BB 지분에 관하여 압류등기를 경료하였고, 위 경매절차에서 2013. 4. 17.경 경매법원에 별지 기재 각 부동산에 관한 상속세 OOOO원 및 기타 재산과 관련한 상속세 OOOO원(법정기일 2008. 4. 30.) 등에 관하여 교부청구를 하였다.

다. 집행법원이 배당기일인 2013. 6. 5. 교부권자(당해세)인 피고에게 1순위로 OOOO원을, 교부권자인 피고에게 4순위로 OOOO원(이하	‘이 사건 배당금’ 이라 한다)을 각 배당하고, 원고를 배당에서 제외하는 것으로 배당표를 작성하여 제시하자, 원고는 피고에 대한 배당금 중 OOOO원에 대하여 이의를 진술하였다.

[인정근거 : 다툼 없는 사실, 갑 제7호증, 을 제1호증의 2, 을 제2, 3, 6호증(가지번호 각 포함)의 각 기재, 변론 전체의 취지]



2. 원고의 청구원인에 대한 판단

가. 원고는 2003. 7. 20.경 이 사건 건물 중 1층 중 약 180평을 임대차보증금 OOOO원, 차임 월 OOOO원으로 정하여 임차한 후 전입신고 및 확정일자를 받고 위 곳에 거주하였고 사업자등록을 마치고 영업을 영위하였으므로, 연체 차임을 공제한 나머지 임대차보증금 OOOO원을 피고보다 우선하여 변제받아야 한다고 주장한다.

나. 인정사실

1) 원고는 2003. 7.경 이 사건 건물의 소유자이던 김CC으로부터 이 사건 건물 1층 중 점포 592.813㎡(이하	‘이 사건 임차목적물’ 이라 한다)를 임차한 후, 2006. 5. 30. 김CC과 위 임대차계약을 갱신하면서 임대차보증금 7,000만 원, 임대차기간 2006. 5. 30.부터 2008. 5. 29.까지로 정하였다. 

2) 원고는 2003. 7.경 임차목적물을 인도받아 그곳에서 음식점 영업을 하면서 가족과 함께 거주하였는데, 원고 및 가족들이 주거로 사용한 부분은 임차목적물의 약 1/5~1/4 가량이고, 나머지 부분은 음식점으로 사용하였다. 원고가 주거로 사용한 부분에는 방 3개, 화장실 및 주방이 있었다.

3) 원고는 2003. 7. 31. 이 사건 건물로 전입신고를 마쳤고, 2003. 8. 7.경부터 2012. 6. 18.경까지 이 사건 건물을 사업장소재지로 하여 들마루라는 음식점에 관하여 사업자등록을 마쳤다.

4) 원고는 2006. 6. 9. OO시 OO구 OO2동장으로부터 위 임대차계약에 관하여 확정일자를 받았다.

5) 김CC은 2006. 8. 27. 사망하여 김BB이 별지 목록 기재 각 부동산을 상속받았다.

[인정근거 : 다툼 없는 사실, 갑 제1~4호증, 을 제3, 4호증(가지번호 포함)의 각 기재, 변론 전체의 취지]

다. 판단

1) 상가건물 임대차보호법에 따른 우선변제권 있는 임차인인지 여부

상가건물 임대차보호법에 따라 우선하여 보증금을 받을 변제받을 권리가 있"
PREC_2013가단23720_001,9,"['보증금_대항력', '분쟁해결', '권리_정보리스크']",2013가단23720,"원고는 상가 임차인으로서 주택임대차보호법에 따른 우선변제권을 인정받지 못하며, 주택임대차보호법 적용 여부도 임차목적물의 주된 용도가 비주거용임으로 판단되어 배당받을 권리가 없다.",본문_p2,판례 2013가단23720,판례_2013가단23720.docx,"기 위하여는 건물의 인도 및 사업자등록뿐 아니라, 관할 세무서장으로부터 임대차계약서 상의 확정일자를 받을 것이 요구되는데(상가건물 임대차보호법 제5조 제2항, 제3조 제1항), 원고가 관할 세무서장으로부터 확정일자를 받았음을 인정할 아무런 자료가 없으므로 (오히려 을 제8호증의 기재에 의하면 원고는 확정일자를 받지 않은 것으로 판단된다), 원고가 상가건물 임대차보호법에 따라 우선변제권이 있다고 볼 수 없다.



2) 주택임대차보호법에 따른 우선변제권 있는 임차인인지 여부

가) 원고가 적법한 배당요구를 하였는지 여부

주택임대차보호법이 적용되는 임차권 중 등기 안 된 임차권자의 임대차보증금 반환채권은 배당요구를 하지 않으면 채권의 존부나 액수를 알 수 없기 때문에 반드시 배당요구를 하여야만 배당받을 수 있고, 배당요구는 채권의 원인과 액수를 적은 서면으로 하여야 하며, 그 밖에 배당요구의 자격을 소명하는 서면을 붙여야 한다(민사집행규칙 제48조).

그런데 앞서 본 바와 같이 원고는 이 사건 경매절차에서 상가 임차인으로서 배당요구를 하였을 뿐, 주택임대차보호법에 따른 우선 변제권이 있는 임차인으로서 배당요구를 하지 않았고, 또한 주민등록등본 등의 소명자료를 제출하지 않았는바, 원고가 주택 임차인으로서 적법한 배당요구를 하였다고 볼 수는 없어 원고가 주택임대차보호법에 기 하여 이 사건 경매절차에서 배당받을 수는 없다 할 것이다.

나) 이 사건 임차목적물에 주택임대차보호법이 적용되는지 여부

주택임대차보호법 제2조 소정의 주거용 건물에 해당하는지 여부는 임대차목적물의 공부상의 표시만을 기준으로 할 것이 아니라 그 실지 용도에 따라서 정하여야 하고 또 건물의 일부가 임대차의 목적이 되어 주거용과 비주거용으로 겸용되는 경우에는 구체적인 경우에 따라 그 임대차의 목적, 전체 건물과 임대차목적물의 구조와 형태 및 임차인의 임대차목적물의 이용관계 그리고 임차인이 그 곳에서 일상생활을 영위하는지 여부 등을 아울러 고려하여 합목적적으로 결정하여야 한다(대법원 1996. 3. 12. 선고 95다51953 판결).

(2) 위 법리를 기초로 이 사건 임차목적물이 주거용 건물로 볼 수 있는지에 관하여 보건대, 원고의 가족이 별도로 구획된 이 사건 임차목적물 중 일부에서 일상생활을 영위하였던 것은 사실이나, 위 인정사실에서 알 수 있는 다음의 사정 즉, 이 사건 임차목적물은 공부상 상가로 등록되어 있고, 실제 식당으로 운영되는 부분이 주거로 사용되는 부분의 4~5배에 달하는 점, 이 사건 임차목적물 중 주거로 사용하는 부분은 별도의 출입구가 없어 식당으로 사용되는 부분을 통과하여서만 출입할 수 있는 점 및 그밖에 이 사건 임차목적물의 구조 등에 비추어 보면, 이 사건 임차목적물 중 일부를 주거목적에 사용한다 하더라도 이는 식당의 영업에 부수적인 것으로서 그러한 주거목적 사용은 비주거용 건물의 일부가 주거목적으로 사용되는 것일 뿐, 주택임대차보호법 제2조 후문에서 말하는 '주거용 건물의 일부가 주거 외의 목적으로 사용되는 경우'에 해당한다고 볼 수 없다 할 것이다.



3. 결론

그렇다면 원고의 청구를 기각하기로 한다.



[참조조문]

국세징수법 제81조"
PREC_2013가단77955_000,9,"['보증금_대항력', '권리_정보리스크', '분쟁해결', '행정절차', '계약갱신', '임대료_증감']",2013가단77955,"주택임대차보호법상의 우선변제권은 확정일자 부여 이후에 인정되며, 이 사건에서는 임대차계약상의 확정일자 부여 시점이 우선변제권 발생 기준일로 적합하지 않아 원고의 청구가 기각되었다.",본문_p1,판례 2013가단77955,판례_2013가단77955.docx,"주택임대차보호법에 의한 우선 변제권이 있다고 볼 수 없음

[부산지법 2014. 6. 13. 2013가단77955]



[판시사항]

주택임대차보호법에 의한 우선변제권이 있다고 볼 수 없음



[판결요지]

주택임차인이 담보권자 등보다 선순위인지 여부는 주택임대차보호법 제3조의2 법문상 확정일자 부여에 의하여 비로소 우선변제권을 가지는 것으로 규 정함에 비추어 임대차계약증서상의 확정일자 부여일을 기준으로 삼는 것으 로 해석함이 타당함



[전문]

[주문]

1. 원고의 피고들에 대한 청구를 각 기각한다.

2. 소송비용은 원고가 부담한다.



[청구취지]

부산지방법원 201×타경32118, 201×타경37328(중복) 부동산임의경매사건에 관하여 같은 법원이 2013. 9. 12. 작성한 배당표 중 피고 ××광역시 서구에 대한 배당액 1,216,594원을 85,800원으로, 피고 대한민국에 대한 배당액 53,529,404원을 3,529,404원으로, 원고에 대한 배당액 0원을 51,130,794원으로 각 경정한다.



[이유]

1. 기초사실

가. 피고는 1996. 10. 5. 오한수와 사이에 오△△ 소유이던 부산	× 구 ××동2가 000-00 지상 주택(이하, ‘이 사건 주택’ 이라고 한다)에 관하여 임대차보증금 5,000만원, 임대차기간 2년인 임대차계약(이하,	‘이 사건 임대차계약’ 이라고 한다)을 체결하였고, 1996. 11. 1. 위 주택으로 전입신고를 하였다.

나. 피고 대한민국은 오△△의 부가가치세 체납액에 대하여 1999. 11. 9. 압류결정을 하여 1999. 11. 13. 오△△ 소유이던 부산 × 구 ××동2가 000-00 토지 및 이 사건주택에 관한 압류기입등기를 경료한 이래 수차에 걸쳐 압류결정을 하고 압류기입등기를 경료하였고, 피고 ××광역시 서구는 오△△의 지방세 체납에 대하여 2005. 10. 11. 압류결정을 하여 2005. 10. 12. 오△△ 소유의 부산 × 구 ××동2가 000-00, 같은 동 000-00 토지 지분 및 이 사건 주택에 관한 압류기입등기를 경료한 이래 수차에 걸쳐 압류결정을 하고 압류기입등기를 경료하였다.

다. 한편, 2012. 11. 2. 부산지방법원 201×타경32118호, 201×타경37328(중복)호로 이 사건 주택 등에 관한 경매절차가 개시되었고, 위 법원은 경매절차를 진행하여 2013. 9. 12. 1순위 압류권자인 피고 부산광역시 서구에 1,216,594원, 2순위 경매신청 채권자인 □□신용협동조합에 3,900만 원, 3순위 압류권자인 피고 대한민국(◇◇세무서)에 53,529,404원을 각 배당하는 내용의 배당표(이하,‘이 사건 배당표’ 라고 한다)를 작성하였다.

라. 원고는 위 배당기일에 출석하여 피고들의 배당액 중 청구취지 기재 금액에 관하여 이의를 제기하고 2013. 9. 17. 이 사건 소를 제기하였다.

[인정근거 : 다툼 없는 사실, 갑 제1호증의 1, 2, 제2호증의 1, 2, 제3 내지 5호증의 각 기재, 변론 전체의 취지]



2. 원고의 청구원인의 요지

원고는 피고들의 조세채권 내지 지방세채권의 법정기일보다 먼저 이 사건 임대차계약서에 확정일자를 받았으므로 피고들의 채권은 원고의 임대차보증금반환채권보다 후순위이고 따라서 이 사건 배당표는 청구취지 기재와 같이 경정되어야 한다.

 

3. 판단

살피건대, 주택임대차보호법 제3조의2 제2항은 ‘제3조 제1항, 제2항 또는 제3항의 대항요건과 임대차계약증서상의 확정일자를 갖춘 임차인은 민사집행법에 따른 경매 또는 국세징수법에 따른 공매를 할 때에 임차주택의 환가대금에서 후순위권리자나 그 밖의 채권자보다 우선하여 보증금을 변제받을 권리가 있다’ 라고 규정하고 있는바, 주택임차인이 담보권자 등보다 선순위인지 여부는 주택임대차보호법 제3조의2 법문상 확정일자 부여에 의하여 비로소 우선변제권을 가지는 것으로 규정함에 비추어 임대차계약증서상의 확정일자 부여일을 기준으로 삼는 것으로 해석함이 타당하다. 그런데 원고가 피고들의 압류결정일보다 먼저 이 사건 임대차계약서상에 확정일자"
PREC_2013가단77955_001,9,"['권리_정보리스크', '분쟁해결']",2013가단77955,"갑증거만으로는 원고의 청구를 인정할 만한 충분한 증거가 부족하여, 피고들에 대한 청구를 모두 기각했다.",본문_p2,판례 2013가단77955,판례_2013가단77955.docx,"를 부여받았다는 점에 관하여, 갑 제3호증의 기재만으로는 이를 인정하기에 부족하고 달리 이를 인정할 아무런 증거가 없다.



4. 결론

그렇다면, 원고의 피고들에 대한 청구는 모두 이유 없다고 할 것이므로 이를 각 기각하기로 하여, 주문과 같이 판결한다.



[참조조문]

국세기본법 제35조"
PREC_2014가단34364_000,9,"['보증금_대항력', '분쟁해결', '권리_정보리스크', '관리비_투명성', '수선_원상회복', '임차권_승계', '임대료_증감']",2014가단34364,주택임대차보호법상 최우선변제권을 받는 소액임차인의 임대차보증금 반환채권은 조세채권보다 우선한다.,본문_p1,판례 2014가단34364,판례_2014가단34364.docx,"주택임대차보호법이 정한 최우선변제권이 있는 소액임차인의 임대차보증금 반환채권은 조세채권에 우선함

[부천지원 2015. 1. 27. 2014가단34364]

 

[판시사항]

주택임대차보호법이 정한 최우선변제권이 있는 소액임차인의 임대차보증금 반환채권은 조세채권에 우선함

 

[판결요지]

주택임대차보호법이 정한 최우선변제권이 있는 소액임차인의 임대차보증금 반환채권은 조세채권에 우선하는 것이며, 임대인과 인차인과의 관계 또는 임차인이 지급한 임대차보증금의 출처를 의심할 만한 사정에 관한 주장 입증이 없는 이상 임차인이 오로지 부당한 이득을 취할 목적으로 임대차계약을 체결하였다고 인정할 수는 없음 

 

[전문]

[주문]

1. 인천지방법원 부천지원 2014타경OOOO호 부동산임의경매 사건에 관하여 위 법원이 2014. 8. 20. 작성한 배당표 중 피고에 대한 배당액 42,377,994원을 22,377,994원으로, 원고에 대한 배당액을 20,000,000원으로 각 경정한다.

2. 소송비용은 피고가 부담한다.

 

 [청구취지]

 주문과 같다.

 

[이유]

1. 인정사실

가. 한BB 소유의 부천시 OO구 O동 OOO-O OOO마을 OOOO동 제O층 제OOO호(이하 ‘이 사건 부동산’이라 한다)에 관하여 근저당권자인 CC농업협동조합의 신청에 의하여 2014. 1. 27. 이 법원 2014타경OOOO호로 임의경매절차가 개시되었다(이하 ‘이 사건 경매’라고 한다).

나. 이 사건 경매절차에서 피고는 2013. 12. 14. 임대차보증금 20,000,000원으로 이 사건 부동산을 임차하였다고 주장하며(이하 ‘이 사건 임대차계약’이라 한다) 배당요구신청을 하였다.

다. 위 경매법원은 2014. 8. 20. 실시한 배당기일에서 원고에게는 배당하지 아니하고, 피고에게 42,377,994원을 배당하는 것으로 배당표(이하 ‘이 사건 배당표’라고 한다)를 작성하였다.

라. 원고는 위 배당기일에서 피고에 대한 배당액 중 20,000,000원에 대하여 이의한 다음 2014. 8. 27. 이 사건 소를 제기하였다.

[인정근거] 다툼 없는 사실, 갑 1, 2호증, 을 1호증의 각 기재, 기록상 명백한 사실, 변론 전체의 취지

2. 청구원인에 대한 판단

갑 2 내지 8, 10호증의 각 기재, 변론 전체의 취지에 의하면, 원고는 배우자 김DD와 결혼을 앞두고 임신한 상태에서 거주지를 물색하던 중 2013. 12. 14. 한BB과 사이에 임대차보증금 20,000,000원(잔금지급일은 2014. 1. 19.), 임대차기간 2014. 1. 19.부터 2016. 1. 18.까지로 정하여 이 사건 임대차계약을 체결한 사실, 원고는 한BB에게 이 사건 임대차보증금 중 2013. 12. 14. 계약금 2,000,000원을, 2014. 1. 17. 잔금 중 17,000,000원을 각 지급하고, 2014. 1. 20. 나머지 잔금 1,000,000원에서 2014. 7. 17.까지의 정산관리비 250,000원 상당을 공제한 750,000원을 지급한 사실, 원고 및 조EE[원고의 모(母)이다]은 2014. 1. 17. 이 사건 부동산에 전입신고를 마치고 확정일자를 받은 사실, 원고는 2014. 1. 17.경부터 관리비를 납부하면서 이 사건 부동산을 점유하다가 2014. 7. 11. 낙찰자인 김FF에게 이 사건 부동산을 인도해 준 사실을 각

인정할 수 있다. 위 인정사실에 의하면, 원고는 특별한 사정이 없는 한 주택임대차보호법이 정한 최우선변제권이 있는 소액임차인에 해당하므로, 이 사건 배당표 중 피고에 대한 일부 배당액을 삭제하고 이를 원고에게 배당하여야 한다.

3. 피고의 주장에 대한 판단

이에 대하여 피고는 ① 이 사건 부동산에는 시가 이상의 근저당권이 설정되어 있었고, OO시, OO시 OO구, 대한민국(OOO세무서)의 압류등기가 존재한 점, ② 이 사건 경매 개시일로부터 불과 10일 전으로서 잔금지급일자보다 이틀 빠른 2014. 1. 17.에 원고가 잔금을 지급하고 전입신고 및 확정일자를 마친 점, ③ 이 사건 부동산의"
PREC_2014가단34364_001,9,"['보증금_대항력', '분쟁해결', '권리_정보리스크', '임차권_승계']",2014가단34364,"원고가 주택임대차보호법을 악용해 부당한 이득을 취하려 임대차계약을 체결했다는 피고의 주장은 증거 부족으로 인정되지 않으며, 임대차계약은 정상적인 것으로 판단되어 원고의 청구가...",본문_p2,판례 2014가단34364,판례_2014가단34364.docx,"전세금 시세보다 훨씬 낮은 20,000,000원에 임대차계약을 체결한 점, ④ 이 사건 부동산에는 원고의 모(母) 조EE이 같이 전입신고를 하고 배당요구를 하였음에 반하여 원고의 배우자인 김DD는 다른 거주지에 전입신고가 되어 있는 점 등을 들어 원고가 주택임대차보호법을 악용하여 부당한 이득을 취하고자 임대차계약을 체결한 자에 해당한다고 주장하나, 앞서 본 이 사건 임대차계약의 체결 경위와 아울러, 원고와 한BB 사이의 관계 또는 원고가 지급한 임대차보증금의 출처를 의심할 만한 사정에 관한 주장 입증이 없는 점을 감안하면, 피고가 주장하는 위 사정만으로는 원고가 이 사건 경매를 예상하여 오로지 부당한 이득을 취할 목적으로 임대차계약을 체결하였음을 인정하기 부족하고, 달리 이를 인정할 만한 증거가 없으므로, 위 주장은 인정하기 어렵다. 한편 피고는 위 사정에 비추어 볼 때 이 사건 임대차계약이 사행행위에 해당한다고도 주장하나, 사해행위취소에 관한 주장은 취소의 선언을 소로써 구하지 아니하고 단지 항변으로는 행사할 수 없는 것이므로, 위 주장은 더 나아가 살펴볼 필요 없이 이유 없다.

4. 결론

그렇다면 이 사건 배당표 중 피고에 대한 42,377,994원을 22,377,994원으로, 원고에 대한 배당액을 20,000,000원으로 각 경정함이 상당하다. 따라서 원고의 이 사건 청구는 이유 있으므로 인용하기로 하여 주문과 같이 판결한다. 

 

[참조조문]

국세징수법 제24조"
PREC_2015가단10505_000,9,"['보증금_대항력', '분쟁해결', '권리_정보리스크', '임대료_증감']",2015가단10505,"주택임대차보호법상 대지와 건물에 대한 임차권과 전세권은 별개의 우선변제 권리로, 일괄 경매 시 대지와 건물 각각에 대해 독립적으로 배당되어야 하며, 원고는 전세권으로 인해 피...",본문_p1,판례 2015가단10505,판례_2015가단10505.docx,"배당의의

[진주지원 2016. 10. 11. 2015가단10505]



[판시사항]

주택임대차보호법상 권리와 전세권자로서 우선변제를 받을 수 있는 권리는 근거 규정 및 성립요건을 달리하는 별개임.



[판결요지]

대지와 건물을 일괄경매하더라도 대지와건물을 개별경매하는 경우와 마찬가지로 대지에 관한 권리자는 대지매각대금에서, 건물에 대한 권리자는 건물매각대금에서 각 배당을 받아야 한다.



[전문]

[주문]

1. 원고의 청구를 모두 기각한다.

2. 소송비용은 원고가 부담한다.



[청구취지]

창원지방법원 진주지원 2014타경tttt호 사건에 관하여 이 법원이 2015. 10.26. 작성한 배당표 중 피고 대한민국에 대한 배당액 2,815,240원을 0원으로, 피고 rrrr에 대한 배당액 11,384,931원을 0원으로, 원고에 대한 배당액 14,000,000원을 28,200,171원으로 각 경정한다.

[이유]

1. 기초사실

가. qqqq wwww 70-40 대 595.4㎡(이하 ‘이 사건 대지’라 한다)와 위 지상 4층 다가구주택 건물(이하 ‘이 사건 건물’이라 한다)은 소외 eeee의 소유였는데, 원고와 피고 rrrr는 이 사건 건물의 소유자이던 eeee와 다음과 같이 각 임대차계약을 체결하였다.

나. 원고의 이 사건 대지 및 건물에 관한 강제경매신청에 의하여 2014. 11.20. 창원지방법원 진주지원 2014타경tttt호로 부동산강제경매절차가 진행되었는데, 경매법원은 2015. 10. 26. 배당기일에서 다음과 같이 배당하였다.

oooo 2 근저당권자 128,471,856원 133,259,984원 261,731,840원

oooo 2 교부권자 1,388,180원 1,388,180

oooo 3 임차권자 34,359,709원 35,640,291원 70,000,000원

oooo 4 임차권자 446,631,034원 48,368,966원 95,000,000원

oooo 5 임차권자 29,451,179원 30,548,821원 60,000,000원

oooo 6 임차권자 7,853,648원 8,146,352원 16,000,000원

oooo 6 전세권자 35,000,000원 35,000,000원

oooo 7 임차권자 31,905,444원 33,904,556원 65,000,000원

oooo 8 임차권자 10,307,913원 10,692,087원 21,000,000원

oooo 9 임차권자 20,939,185원 60,815원 21,000,000원

원고는 배당기일인 2015. 10. 26. 피고들의 배당액 전부에 관하여 각 이의를 진술하고, 2010. 10. 29. 이 사건 소를 제기하였다.

[인정근거] 다툼 없는 사실, 갑 제1 내지 4호증, 을다 제1, 2호증의 각 기재, 변론 전체의 취지

2. 주장 및 판단

가. 원고의 주장

원고는 피고들보다 선순위 임차권자이면서 전세권자이므로 이 사건 건물 및 토지전부에 관하여 피고들보다 우선하여 변제받을 권리가 있는데, 원고가 건물에 대하여만전세권설정등기를 마쳤다는 이유만으로 토지매각대금으로부터는 배당을 받지 못하고원고보다 후순위인 피고들이 토지매각대금으로부터 배당을 받았으므로, 위 배당은 위법하다.

나. 판단

1) 관련 법리

주택임대차보호법 제3조의2 제2항, 제1항에 의하면, 임차주택에 대하여 주택의인도와 주민등록을 마치고 확정일자까지 갖추면 임차주택과 그 대지의 환가대금에서후순위권리자나 그 밖의 채권자보다 우선하여 보증금을 변제받을 권리가 있다. 한편주택임차인이 그 지위를 강화하고자 별도로 전세권설정 등기를 마치더라도 주택임대차보호법상 주택임차인으로서의 우선변제를 받을 수 있는 권리와 전세권자로서 우선변제를 받을 수 있는 권리는 근거 규정 및 성립요건을 달리하는 별개의 것이며(대법원2007. 6. 28. 선고 2004다69741

판결 참조), 대지와 건물을 일괄경매하더라도 대지와건물을 개별경매하는 경우와 마찬가지로 대지에 관한 권리자는 대지매각대금에서, 건물에 대한 권리자는 건물매각대금에서 각 배당을 받아야 한다(대법원 2003."
PREC_2015가단10505_001,9,"['보증금_대항력', '권리_정보리스크', '분쟁해결']",2015가단10505,원고의 임대차보증금채권이 피고보다 선순위에 있어 대지 매각대금에서도 우선 배당받을 권리가 인정되어 원고의 청구가 기각되었다.,본문_p2,판례 2015가단10505,판례_2015가단10505.docx,"9. 5. 선고 2001다66291 판결 참조).

2) 이 사건에 관하여 보건대, 위 인정사실 및 창원지방법원 진주지원에 대한 사실조회결과에 변론 전체의 취지를 종합하면, 원고와 피고 rrrr는 이 사건 건물의 임차인으로서 이 사건 건물과 대지에 대한 경매절차에서 각 임대차보증금채권을 배당요구하였는데, 원고가 전세권설정등기를 마친 날이 2012. 3.14.로 피고 rrrr의 전입신고일과 확정일자일인 2013. 2. 18.보다 우선하고, 그보다 뒤인 2014. 6. 23. 원고가 전입신고를 마치고 확정일자를 받은 사실, 피고 대한민국이 배당받은 부가가치세 및 종합부동산세 2,815,240원의 법정기일은 2012. 9. 5.부터 2013. 3. 5.로 원고의 전입신고일보다 앞서는 사실, 경매법원은 이 사건 건물과 대지의 매각대금을 선순위권리자들에게배당한 후 대지에 대한 매각대금 잔여액 14,200,171원을 피고들에게 배당한 사실을 알수 있다. 위와 같은 사실관계에 앞서 본 법리에 비추어 살펴보면, 이 사건 대지에 관한매각대금에 관하여는 피고 rrrr가 원고보다 먼저 전입신고를 마쳐 주택임대차보호법제3조의2 제2항의 우선변제권을 취득함으로써 선순위로 배당받아야 하고, 피고 대한민국의 조세채권의 법정기일 역시 원고가 전입신고를 마친 날보다 앞서 선순위에 해당한다. 따라서 원고가 이 사건 대지 매각대금에 관하여도 피고들보다 선순위로 배당받을권리가 있음을 전제로 하는 원고의 이 사건 청구는 더 나아가 살펴볼 필요 없이 이유없다.

3. 결 론

그렇다면 원고의 이 사건 청구는 이유 없어 이를 기각하기로 하여 주문과 같이 판결한다."
PREC_2015나51999_000,9,"['보증금_대항력', '분쟁해결', '권리_정보리스크', '임대료_증감']",2015나51999,"주택임대차보호법상 소액임차인의 임대차보증금 반환채권은 조세채권보다 우선하며, 부당한 이득을 위한 계약 체결 주장이 입증되지 않는 한 임대인에 대한 우선권이 인정된다.",본문,판례 2015나51999,판례_2015나51999.docx,"배당의의

[인천지법 2015. 8. 21. 2015나51999]



[판시사항]

주택임대차보호법이 정한 최우선변제권이 있는 소액임차인의 임대차보증금 반환채권은 조세채권에 우선함



[판결요지]

주택임대차보호법이 정한 최우선변제권이 있는 소액임차인의 임대차보증금 반환채권은 조세채권에 우선하는 것이며, 임대인과 임차인과의 관계 또는 임차인이 지급한 임대차보증금의 출처를 의심할 만한 사정에 관한 주장 입증이 없는 이상 임차인이 오로지 부당한 이득을 취할 목적으로 임대차계약을 체결하였다고 인정할 수는 없음



[전문]

[주문]

1. 피고의 항소를 기각한다.

2. 항소비용은 피고가 부담한다.



[청구취지]

1. 청구취지

인천지방법원 부천지원 2014타경OOOO호 부동산임의경매 사건에 관하여 위 법원이 

2014. 8. 20. 작성한 배당표 중 피고에 대한 배당액 42,377,994원을 22,377,994원으로, 원고에 대한 배당액을 20,000,000원으로 각 경정한다.

2. 항소취지

제1심 판결을 취소한다. 원고의 청구를 기각한다.



[이유]

1. 제1심 판결의 인용

이 법원이 이 사건에 관하여 설시할 이유는, 제1심 판결의 제3면 2행 “2014. 7. 17.”을 “2014. 1. 17.”로 고치고, 제2면 아래에서 3행 “거주지를” 다음에 “인터넷 등을 통하여”를, 제3면 18행 “있는 점” 다음에 “, ⑤ 이 사건 부동산이 위치한 OO시 OO구가 닌 OO시 OO구에 위치한 OO공인중개사사무소를 통하여 이 사건 임대차계약을 체결

한 점”을 각 추가하는 외에는 제1심 판결의 이유 부분 기재와 같으므로, 민사소송법 제 420조 본문에 의하여 이를 그대로 인용한다.

2. 결론

그렇다면, 원고의 이 사건 청구는 이유 있어 이를 인용할 것인바, 제1심 판결은 이와 결론을 같이하여 정당하므로 피고의 항소는 이유 없어 이를 기각하기로 하여, 주문과 같이 판결한다.



[참조조문]

국세징수법 제24조"
PREC_2024가단6186_000,9,"['보증금_대항력', '권리_정보리스크', '분쟁해결', '수선_원상회복', '임대료_증감']",2024가단6186,"원고는 주택임대차보호법에 따라 확정일자를 받고 전입신고를 완료함으로써 피고보다 우선변제권을 가지며, 이로 인해 경매 배당에서 우선적으로 보증금을 회수할 권리가 인정되었다.",본문_p1,판례 2024가단6186,판례_2024가단6186.docx,"원고가 주택임대차보호법상 대항력 있는 임차인인지 여부

[남양주지원 2025. 7. 9. 2024가단6186]



[판시사항]

원고가 주택임대차보호법상 대항력 있는 임차인인지 여부



[판결요지]

원고는 2020. 2. 5. A과 이 사건 아파트에 관하여 임대차보증금을 2억 2,000만 원으로 하는 임대차계약을 체결하고 그 보증금을 전액 A에게 지급하고 2020. 5. 1. 자로, 확정일자를 받았으며 이 사건 아파트로 전입신고까지 마쳤으므로 원고는 주택임대차보호법에 따라 피고보다 선순위의 우선변제권을 가지고 있다.



[전문]

[주문]

1. 의정부지방법원 남양주지원 2023타경xxxx호 부동산임의경매 사건에 관하여 위 법원이 2024. 12. 5. 작성한 배당표 중 피고에 대한 배당액 91,665,562원을 0원으로, 원고에 대한 배당액 0원을 91,665,562원으로 각 경정한다. 

2. 소송비용은 각자 부담한다.



[청구취지]

주문과 같다.



[이유]

1. 기초사실 

가. 소외 A은 ‘00도 00시 00동 00-00 00호’ (이하 ‘이 사건 아파트’라 한다)의 소유자였다. 원고는 A의 사위이다. 

나. 이 사건 아파트에 관하여 소외 주식회사 B은행을 근저당권자로 하는 근저당권, 소외 주식회사C저축은행으로 근저당권자로 하는 근저당권 2개가 각 설정 등기되어 있었다. 

다. 이 사건 아파트의 선순위 근저당권자인 주식회사 B은행은 2023. 8. 10. 의정부지방법원 남양주지원 2023타경xxxx호로 이 사건 아파트에 관하여 임의경매를 신청하였고 위 법원은 2023. 8. 4. 임의경매개시결정을 하였다(이하 ‘이 사건 임의경매절차’라고 한다.) 이후 주식회사 B은행은 그 피보전채권과 근저당권을 소외 D유동화전문유한회사에게 양도하였다. 

라. 원고는 2023. 9. 15. 이 사건 임의경매절차에서 확정일자 있는 임차인으로서 권리신고 및 배당요구신청을 하였다. 

마. 경매법원은 2024. 12. 5. 배당절차에서 매각대금 및 이자 등 합계 728,507,891원에서 집행비용 6,636,811원을 공제한 721,871,080원을 실제 배당할 금액으로 하여 배당을 하였는데, 교부권자 구리세무서(피고)에게 91,665,562원을 배당(이로써 잉여는 없게 되었다) 하는 내용의 배당표(이하 ‘이 사건 배당표’라 한다)를 작성하였다. 

바. 원고는 배당기일에 출석하여 피고의 배당액 전부에 관하여 이의한 후 2024. 12.10. 이 사건 소를 제기하였다. 



[인정근거] 다툼 없는 사실, 갑 제4, 5호증을 제1 내지 3호증의 각 기재, 변론 전체의 취지 

2. 판단

가. 청구원인의 요지

원고는 2020. 2. 5. A과 이 사건 아파트에 관하여 임대차보증금을 2억 2,000만 원으로 하는 임대차계약을 체결하고 그 보증금을 전액 A에게 지급하고, 2020. 5. 1.자로 확정일자를 받았으며 이 사건 아파트로 전입신고까지 마쳤으므로 원고는 주택임대차 보호법에 따라 피고보다 선순위의 우선변제권을 가지고 있다. 

나. 청구원인에 대한 판단 

앞서 본 증거들과 갑 제1, 2, 3호증의 각 기재를 종합하여 보면 원고가 주장하는 위 청구원인 사실들은 인정된다. 따라서 특별한 사정이 없는 한 이 사건 배당표에 기재 된 피고의 배당액은 모두 원고에게 배당되어야 하고 그와 같은 내용으로 이 사건 배당표가 변경되어야 한다. 

다. 피고의 주장 내지 항변에 관한 판단 

1) 피고는, 원고가 가장임차인이라는 취지로 주장한다. 갑 제3호증과 을 제4, 5, 6 호증의 각 기재와 변론 전체의 취지에 의하면 원고가 A에게 임대차보증금을 지급한 시점이 임대차계약서 상의 일자와 다소 상이하고, 원고가 이 사건 아파트에 전입신고를 한 것이 최초 2020. 2. 27.이었는데 2020. 5. 12. 다시 다른 곳에 전입신고하였다가 같은 해 6. 5. 다시 전입신고를 하고 같은 해 8. 13. 다시 다른 곳에 전입신고하였다가 같은 달 21. 다시 전입신고를 한 사실, A이 앞서 본 근저당권자인 C저축은행으로부터"
PREC_2024가단6186_001,9,"['보증금_대항력', '분쟁해결', '권리_정보리스크']",2024가단6186,"무상거주확인서로 인한 임대차계약의 유효성을 인정하고, 신의성실 원칙에 따른 피고의 우선변제권 부정 주장을 기각하여 원고의 배당액을 확정했다.",본문_p2,판례 2024가단6186,판례_2024가단6186.docx,"대출을 받을 당시 원고가 무상거주확인서를 작성하여 제출하였던 사실이 인정된다. 위 인정사실에 의하면 과연 원고가 A과 체결한 임대차계약이 순수하게 원고가 이 사건 아파트에 거주할 목적으로 작성된 것인지에 대하여 상당한 의심이 들기는 한다. 하지만 그와 같은 사정만으로 이 사건 임대차계약이 허위라고 단정하기는 어렵다. 이 부분 피고의 주장은 받아들이지 않는다. 

2) 피고는 원고가 원고 주장에 따른다면 허위의 내용으로 무상거주확인서를 작성하고 이를 행사하였는데 이러한 원고가 주택임대차보호법상 우선변제권을 주장하는 것은 신의칙에 반한다는 취지로도 주장한다. 신의성실의 원칙에 위배된다는 이유로 그 권리의 행사를 부정하기 위해서는 상대방에게 신의를 공여하였다거나 객관적으로 보아 상대방이 신의를 가짐이 정당한 상태에 있어야 하며, 이러한 상대방의 신의에 반하여 권리를 행사하는 것이 정의관념에 비추어 용인될 수 없는 정도의 상태에 이르러야 한다(대법원 2007. 11. 29. 선고 2005다64552 판결 참조). 

살피건대, 실체법적 권리관계에 부합하는 원고의 권리행사를 부정하는 근거로 일반조항인 신의칙을 내세우는 데에는 특히 신중을 기할 필요가 있고(피고들이 들고 있는 대법원 판례는 사안이 달라 이 사건에 원용하기 적절하지 않다), 위 확인서가 피고를 상대로 작성 및 교부된 것은 아니며 그 확인서의 내용을 피고가 신뢰하여 새로운 이해관계를 가지게 되었다고 볼 자료도 없다(피고가 이 사건 임의경매절차에서 해당 확인서를 보고 원고가 배당에서 제외될 것이라는 생각을 갖게 되었다고 하더라도 이는 사실상의 기대에 불과할 뿐 법적으로 보호받아야 하는 신뢰하고 평가하기는 어렵다). 이 부분 피고의 주장도 받아들이기 어렵다. 

3. 결론 

따라서, 의정부지방법원 남양주지원 2023타경xxxx호 부동산임의경매 사건에 관하여 위 법원이 2024. 12. 5. 작성한 배당표 중 피고에 대한 배당액 91,665,562원을 0원으로, 원고에 대한 배당액 0원을 91,665,562원으로 각 경정되어야 한다. 원고의 청구를 인용하기로 하여 주문과 같이 판결한다.



[참조조문]

국세징수법 제52조"
PREC_2024가단8000_000,9,"['보증금_대항력', '분쟁해결', '계약해지_명도', '수선_원상회복', '임대료_증감']",2024가단8000,"원고가 실제로 강BB과 임대차 계약을 체결한 소액임차인으로 인정받지 못하고, 배당 순위에서 배제되어 원고의 청구가 기각되었다.",본문,판례 2024가단8000,판례_2024가단8000.docx,"배당의의

[대구지법 2025. 6. 17. 2024가단8000]



[판시사항]

주택임대차보호법에 따른 보호를 받을 수 있는 진정한 임차인이라고 볼 수 없음



[판결요지]

원고가 주택 임대차계약을 체결하였다는 점을 인정하기 어려우므로 주택임 대차보호법에 따른 보호를 받을 수 있는 진정한 임차인이라고 볼 수 없음



[전문]

[주문]

1. 원고의 청구를 기각한다.

2. 소송비용은 원고가 부담한다.



[청구취지]

ㅇㅇ지방법원 2023타경xxxxxx 부동산임의경매사건에 관하여 위 법원이 2024. xx. xx. 작성한 배당표 중 피고에 대한 배당액 26,685,816원을 7,685,816원으로, 원고에 대한 배당액 0원을 19,000,000원으로 각 경정한다.



[이유]

1. 기초사실

강BB이 소유하던 ㅇㅇ ㅇㅇ구 ㅇㅇ동 xxx-x 토지와 지상 건물에 관하여 2023. 5. 9. ㅇㅇ방법원 2023타경xxxxxx호로 부동산임의경매가 개시되었다.

경매법원은 2024. 7. 31. aa세무서에 6순위로 26,685,816원을 배당하고, 임차인으로 배당 요구한 원고에게 배당하지 않는 등의 배당표를 작성했다(이하	‘이 사건 배당표’ 라 한다).

원고는 배당기일에서 aa세무서의 배당금 중 1,900만 원에 대해 이의를 제기하였고, 그로부터 1주일 이내인 2024. 8. 6. 이 사건 배당이의 소송을 제기하였다.



[인정근거] 다툼 없는 사실, 갑 제5호증, 을 제7호증의 각 기재, 변론 전체의 취지

 

2. 주장과 판단

가. 원고의 주장

원고는 2019. 1.경 박CC으로부터 ㅇㅇ ㅇㅇ구 xxx-xx(도로명 주소: ㅇㅇ ㅇㅇ구 ㅇㅇ길 xxx-x) 주택을 보증금 3,500만 원에 임차했다가 2020. 10.경 이사를 가게 되었다. 강BB은 위 경매목적물인 주택의 2층 방 2칸(이하 ‘이 사건 주택’ 이라 한다)을 이DD에게 보증금 3,500만 원에 임대했는데, 원고로부터 원고가 박CC으로부터 반환받은 임대차보증금 3,500만 원을 받아 2020. 10.경 이DD에게 임대차보증금을 반환하였다. 따라서 원고는 강BB과 임대차계약을 체결한 소액임차인이고 소액보증금 1,900만 원을 피고보다 우선 배당받을 권리가 있으므로, 이 사건 배당표는 경정되어야 한다.

나. 판단

갑 제1 내지 4, 6호증의 각 기재에 의하면, 강BB은 2016. 10. 3. 이DD에게 이 사건 주택을 보증금 3,500만 원에 임대한 후 이DD에게 2020. 10. 10. 1,000만 원, 2020. 10. 17. 2,480만 원(공과금 20만 원 공제)을 지급해 보증금을 반환한 사실, 한편 원고는 2019. 1. 2. 박CC으로부터 ㅇㅇ ㅇㅇ구 xxx-xx 주택을 보증금 3,500만원에 임차했다가 2010. 10. 중순경 퇴거하면서 보증금 3,500만 원을 받고, 2020. 11. 16. 이 사건 주택에 주민등록을 한 사실은 인정된다.

그러나 위 인용증거, 을 제1 내지 6호증의 각 기재에 변론 전체의 취지에 의해 알 수 있는 사정, 즉 원고는 강BB의 모친인 점, 이 사건 배당표에서 소액임차인으로 배당 받은 조EE, 이FF은 배당요구를 하면서 임대차계약서를 제출했는데, 이에 반하여 원고와 강BB 사이에 임대차계약을 체결했다는 객관적 자료가 없는 점, 강BB은 다가구주택을 임대하며 여러 차례 임대차계약을 체결한 경험이 있는데, 모친인 원고와 임대차계약을 체결하며 임대차계약서를 작성하고 확정일자를 받게 하는 등 보증금 회수를 위한 조치를 취하지 않았다는 것은 쉽게 납득하기 어려운 점, 경매절차에서 임차인인 이FF과 조EE이 원고를 가장임차인으로 신고하기도 한 점 등에 비추어 보면, 앞서 본 사실만으로 원고와 강BB 사이에 이 사건 주택에 대한 임대차 계약이 체결되었음을 인정하기 부족하고, 달리 이를 인정할 증거가 없다.

이와 다른 전제에 선 원고의 주장은 이유 없다.



3. 결론

원고의 청구는 이유 없어 기각한다.



[참조조문]

민사집행법 제246조"
