user_input,retrieved_contexts,response,reference,context_precision,context_recall,R
"전입신고·확정일자 했는데, 확정일자부 내용까지 중요한가요?","['① 제14조에 따라 전세사기피해자로 결정받고자 하는 임차인(자연인에 한정한다. 이하 같다)은 다음 각 호의 요건을 모두 갖추어야 한다. 다만, 경매 또는 공매 절차가 완료된 임차인의 경우에는 제1호 및 제3호의 요건은 제외한다. <개정 2024. 9. 10.>\n\n1. 「주택임대차보호법」 제3조에 따라 주택의 인도와 주민등록을 마치고(이 경우 전입신고를 한 때 주민등록을 한 것으로 본다) 같은 법 제3조의2제2항에 따라 임대차계약증서상의 확정일자(이하 “확정일자”라 한다)를 갖출 것(「주택임대차보호법」 제3조의3에 따른 임차권등기를 마친 경우 또는 「민법」 제303조에 따른 전세권이 설정된 경우도 포함한다)\n\n2. 임차인의 임차보증금이 5억원 이하일 것. 다만, 임차보증금의 상한액은 제6조에 따른 전세사기피해지원위원회가 시ㆍ도별 여건 및 피해자의 여건 등을 고려하여 2억원의 범위에서 상향 조정할 수 있다.\n\n3. 임대인의 파산 또는 회생절차 개시, 임차주택의 경매 또는 공매절차의 개시(국세 또는 지방세의 체납으로 인하여 임차주택이 압류된 경우도 포함한다), 임차인의 집행권원 확보 등에 해당하여 2인 이상의 임차인에게 임차보증금반환채권의 변제를 받지 못하는 피해', '① 제3조의2제2항의 확정일자는 주택 소재지의 읍ㆍ면사무소, 동 주민센터 또는 시(특별시ㆍ광역시ㆍ특별자치시는 제외하고, 특별자치도는 포함한다)ㆍ군ㆍ구(자치구를 말한다)의 출장소, 지방법원 및 그 지원과 등기소 또는 「공증인법」에 따른 공증인(이하 이 조에서 “확정일자부여기관”이라 한다)이 부여한다.\n\n② 확정일자부여기관은 해당 주택의 소재지, 확정일자 부여일, 차임 및 보증금 등을 기재한 확정일자부를 작성하여야 한다. 이 경우 전산처리정보조직을 이용할 수 있다.\n\n③ 주택의 임대차에 이해관계가 있는 자는 확정일자부여기관에 해당 주택의 확정일자 부여일, 차임 및 보증금 등 정보의 제공을 요청할 수 있다. 이 경우 요청을 받은 확정일자부여기관은 정당한 사유 없이 이를 거부할 수 없다.\n\n④ 임대차계약을 체결하려는 자는 임대인의 동의를 받아 확정일자부여기관에 제3항에 따른 정보제공을 요청할 수 있다.\n\n⑤ 제1항ㆍ제3항 또는 제4항에 따라 확정일자를 부여받거나 정보를 제공받으려는 자는 수수료를 내야 한다.\n\n⑥ 확정일자부에 기재하여야 할 사항, 주택의 임대차에 이해관계가 있는 자의 범위, 확정일자부여기관에 요청할 수 있는 정보의 범위 및 수수료, 그 밖에 확정일자', '① 확정일자부여기관은 전산정보처리조직을 이용하여 다음 각 호의 확정일자정보를 기록한 확정일자부(이하 “전자확정일자부”라 한다)를 작성하여야 한다.\n\n1. 확정일자번호\n\n2. 확정일자 부여일\n\n3. 임대인ㆍ임차인의 인적 정보\n\n가. 자연인인 경우\n\n성명, 주민등록번호(외국인인 경우 외국인등록번호), 주소\n\n나. 법인ㆍ법인 아닌 단체인 경우\n\n법인명ㆍ단체명, 법인등록번호ㆍ부동산등기용등록번호, 본점 소재지ㆍ주사무소 소재지\n\n4. 주택의 소재지\n\n5. 임대차목적물\n\n6. 임대차기간\n\n7. 차임ㆍ보증금\n\n8. 신청인의 성명, 생년월일\n\n② 제1항의 확정일자정보는 20년간 보존한다.\n\n③ 보존기간이 만료된 제1항의 정보는 법원행정처장의 인가를 받아 보존기간이 만료되는 해의 다음 해 3월말까지 삭제한다.']","A. 확정일자부의 내용은 매우 중요합니다. 확정일자는 임대차 계약의 법적 효력을 강화하고, 임차인의 권리를 보호하는 데 필수적입니다.

B. 지금 당장 할 일:
1. 확정일자부의 내용을 확인하세요.
2. 확정일자 부여기관에서 발급받은 문서를 보관하세요.
3. 계약서에 기재된 내용과 확정일자부의 내용이 일치하는지 검토하세요.
4. 필요시, 법률 전문가와 상담하여 추가적인 조치를 고려하세요.

C. 법적 근거:
- 주택임대차보호법 제3조의6(확정일자 부여 및 임대차 정보제공 등) - 확정일자는 주택의 소재지에 따라 부여되며, 임대차계약의 법적 효력을 인정받기 위해 필요합니다.

D. 절차/증빙:
- 확정일자부는 해당 주택의 소재지 읍·면사무소, 동 주민센터, 지방법원 등에서 발급받습니다. 발급받은 문서는 20년간 보존해야 합니다.

E. 유사 판례/사례:
- 판례 15다254507에서는 확정일자가 임차인의 대항력을 강화하는 중요한 요소로 작용함을 보여줍니다.

F. 추가 확인 질문:
1. 확정일자부의 발급일자는 언제인가요?
2. 계약서와 확정일자부의 내용이 일치하나요?
3. 임대차 계약의 기간은 어떻게 되나요?
4. 임대인의 신원 확인은 완료되었나요?

답변은 일반적인 법률정보이며, 구체 사건의 법률 자문이 아님을 알려드립니다.","네, 중요합니다. 확정일자를 받았다는 사실만으로 끝나는 것이 아니라, 확정일자부에 기재된 내용이 임차인의 권리 보호 범위를 결정합니다.
주택임대차보호법 제3조의2 제2항에 따르면,
임차인이 주택의 인도와 주민등록을 마친 후 임대차계약서에 확정일자를 갖춘 경우에 한하여 보증금에 대한 우선변제권을 가집니다.
이때 확정일자는 단순한 표시가 아니라, 확정일자부에 기록된 사항을 기준으로 효력이 판단됩니다.
확정일자부에는
임대차 당사자, 주택의 표시, 임대차기간, 보증금 및 차임 등의 사항이 기재되며
이 기재사항은 우선변제권의 범위와 순위를 판단하는 기준이 됩니다
(확정일자부 기재사항 – 주택임대차보호법 시행령 제4조).
또한 확정일자부는 누구나 열람할 수 있는 것이 아니라,
임대인·임차인 등 법에서 정한 이해관계인만 열람하거나 정보 제공을 요청할 수 있습니다
(열람 가능자 – 주택임대차보호법 시행령 제5조).
아울러 이해관계인의 유형에 따라 제공·열람할 수 있는 정보의 범위가 제한되며,
모든 정보가 동일하게 공개되는 것은 아닙니다
(열람 및 정보 제공 범위 – 주택임대차보호법 시행령 제6조).
따라서 “확정일자를 받았다”는 사실만으로 안심할 것이 아니라,
확정일자부에 계약 내용이 정확하게 기재되어 있는지까지 확인하는 것이 중요합니다.
📌 법적 근거
주택임대차보호법 제3조의2 제2항
주택임대차보호법 시행령 제4조
주택임대차보호법 시행령 제5조
주택임대차보호법 시행령 제6조",0.9999999999666667,1.0,0.9999999999866667
"계약서에 1년이라고 써 있으면, 1년 지나면 무조건 나가야 하나요?","['① 당사자는 약정한 차임이나 보증금이 임차주택에 관한 조세, 공과금, 그 밖의 부담의 증감이나 경제사정의 변동으로 인하여 적절하지 아니하게 된 때에는 장래에 대하여 그 증감을 청구할 수 있다. 이 경우 증액청구는 임대차계약 또는 약정한 차임이나 보증금의 증액이 있은 후 1년 이내에는 하지 못한다. <개정 2020. 7. 31.>\n\n② 제1항에 따른 증액청구는 약정한 차임이나 보증금의 20분의 1의 금액을 초과하지 못한다. 다만, 특별시ㆍ광역시ㆍ특별자치시ㆍ도 및 특별자치도는 관할 구역 내의 지역별 임대차 시장 여건 등을 고려하여 본문의 범위에서 증액청구의 상한을 조례로 달리 정할 수 있다.<신설 2020. 7. 31.>\n\n[전문개정 2008. 3. 21.]', '① 기간을 정하지 아니하거나 2년 미만으로 정한 임대차는 그 기간을 2년으로 본다. 다만, 임차인은 2년 미만으로 정한 기간이 유효함을 주장할 수 있다.\n\n② 임대차기간이 끝난 경우에도 임차인이 보증금을 반환받을 때까지는 임대차관계가 존속되는 것으로 본다.\n\n[전문개정 2008. 3. 21.]', '[판례 전문: 임대차계약 체결 후 인도 및 주민등록 완료 시 임차인은 대항력을 갖추며, 확정일자 부여와 함께 경매 시 보증금 전액에 대해 후순위 채권자보다 우선 변제받을 권리가 인정된다.]\n""배당이의"" (판례, 2017다212194)\n\n배당이의\n\n[대법원 2017. 8. 29. 2017다212194]\n【판시사항】\n\n[1] 주택임대차보호법 제3조 제1항에서 정한 대항요건인 ‘주택의 인도’의 의미\n\n[2] 주택임대차보호법상 임차인에게 우선변제권이 인정되기 위하여 계약 당시 임차보증금이 전액 지급되어 있을 것을 요하는지 여부(소극) 및 임차인이 임대인에게 임차보증금의 일부만을 지급하고 주택임대차보호법 제3조 제1항에서 정한 대항요건과 임대차계약증서상의 확정일자를 갖춘 다음 나머지 보증금을 나중에 지급한 경우, 대항요건과 확정일자를 갖춘 때를 기준으로 임차보증금 전액에 대해서 우선변제권이 있는지 여부(원칙적 적극)\n【판결요지】\n\n[1] 주택에 관하여 임대차계약을 체결한 임차인이 주택의 인도와 주민등록을 마친 때에는 그 다음 날부터 제3자에 대하여 대항력이 생긴다. 이 경우 전입신고를 한 때에 주민등록이 된 것으로 본다(주택임대차보호법 제3조 제1항). 또한 위와 같']","A. 임대차계약증서에 1년이라고 기재되어 있어도, 무조건 주택의 인도를 해야 하는 것은 아닙니다.

B. 지금 당장 할 일
   - 계약서의 조항을 다시 확인해 보세요.
   - 임대차계약이 종료된 후에도 보증금 반환 전까지 임대차관계가 유지된다는 점을 고려하세요.
   - 임대인과의 대화로 계약 연장 가능성을 논의해 보세요.
   - 필요시 법률 상담을 고려해 보세요.

C. 법적 근거
   - 주택임대차보호법 제4조(임대차기간 등) - 임대차기간이 끝난 경우에도 임차인이 보증금을 반환받을 때까지는 임대차관계가 존속되는 것으로 본다.

D. 절차/증빙
   - 계약서 사본을 보관하세요.
   - 임대인과의 대화 내용을 기록해 두세요.
   - 보증금 반환을 위한 준비를 하세요.

E. 유사 판례/사례
   - 임대차계약이 종료된 후에도 임차인이 보증금을 반환받을 때까지 임대차관계가 유지된다는 판례가 있습니다.

F. 추가 확인 질문
   - 계약서에 명시된 임대차 기간 외에 다른 조건이 있나요?
   - 임대인과의 대화에서 계약 연장에 대한 의사가 있었나요?
   - 보증금 반환에 대한 논의가 있었나요? 

이 정보는 일반적인 법률정보이며, 구체 사건의 법률 자문이 아님을 알려드립니다.","아니요. 계약서에 1년이라고 적혀 있어도, 1년이 지나면 무조건 나가야 하는 것은 아닙니다.
주택임대차보호법 제4조 제1항에 따르면,
임대차기간을 2년 미만으로 정한 경우에도 그 기간을 2년으로 본다고 규정하고 있습니다.
이는 임차인을 보호하기 위한 강행규정으로, 계약서에 1년이라고 명시되어 있더라도 법이 우선 적용됩니다.
따라서 임대인이
“계약서에 1년이라고 써 있으니 1년 후에 나가야 한다”고 주장하더라도,
임차인은 법에 따라 최소 2년간 거주할 권리를 가집니다.
다만 임차인이 스스로
“1년만 살고 나가겠다”고 선택하는 것은 가능하지만,
임대인이 이를 근거로 임차인에게 퇴거를 강제할 수는 없습니다.
📌 법적 근거
주택임대차보호법 제4조 제1항",0.9999999999666667,0.6666666666666666,0.7999999999866667
"집주인이 아무 말 안 했는데, 계약이 자동으로 연장된 건가요?","['① 임대인이 임대차기간이 끝나기 6개월 전부터 2개월 전까지의 기간에 임차인에게 갱신거절(更新拒絶)의 통지를 하지 아니하거나 계약조건을 변경하지 아니하면 갱신하지 아니한다는 뜻의 통지를 하지 아니한 경우에는 그 기간이 끝난 때에 전 임대차와 동일한 조건으로 다시 임대차한 것으로 본다. 임차인이 임대차기간이 끝나기 2개월 전까지 통지하지 아니한 경우에도 또한 같다. <개정 2020. 6. 9.>\n\n② 제1항의 경우 임대차의 존속기간은 2년으로 본다.<개정 2009. 5. 8.>\n\n③ 2기(期)의 차임액(借賃額)에 달하도록 연체하거나 그 밖에 임차인으로서의 의무를 현저히 위반한 임차인에 대하여는 제1항을 적용하지 아니한다.\n\n[전문개정 2008. 3. 21.]', '[판례 전문: 임대차계약 갱신거절 통지가 계약 조건 변경 없이 계약 해지를 의미하며, 주택임대차보호법상의 묵시적 갱신 법리를 오해하여 판결에 오류가 있었다.]\n""건물명도"" (판례, 2002다23482)\n\n건물명도\n\n[대법원 2002. 6. 28. 2002다23482]\n【판시사항】\n\n[1] 처분문서에 나타난 당사자 의사의 해석방법\n\n[2] 표의자의 진정한 의사를 알 수 없는 경우, 의사표시의 요소가 되는 효과의사(=표시상의 효과의사)\n\n[3] 임대인이 임차인에 대하여 임대차계약 갱신거절의 의사표시를 하였다고 본 사례\n\n[4] 임대차계약 종료 후 재계약을 하거나 임대차계약 종료 전 당사자의 합의로 차임 등이 증액된 경우 주택임대차보호법 제7조의 적용 여부(소극)\n【판결요지】\n\n[1] 처분문서는 그 성립의 진정함이 인정되는 이상 법원은 그 기재 내용을 부인할 만한 분명하고도 수긍할 수 있는 반증이 없는 한 그 처분문서에 기재되어 있는 문언대로의 의사표시의 존재 및 내용을 인정하여야 하고, 당사자 사이에 계약의 해석을 둘러싸고 이견이 있어 처분문서에 나타난 당사자의 의사해석이 문제되는 경우에는 문언의 내용, 그와 같은 약정이 이루어진 동기와 경위, 약정에 의하여 달', '[판례 전문: 임대인이 직계존속이나 직계비속의 실제 거주 필요성을 증명해야 하며, 단순히 의사표시만으로는 부족하고, 임대인의 사회적 환경, 의사 형성 경위 등 종합적인 사정을 고려하여 판단...]\n""건물인도"" (판례, 2023다263551)\n\n건물인도\n\n[대법원 2023. 12. 21. 2023다263551]\n【판시사항】\n\n[1] 임차인의 계약갱신 요구와 이를 거절할 수 있는 사유를 정한 주택임대차보호법 제6조의3 제1항의 규정 취지\n\n[2] 임대인이 목적 주택에 실제 거주하려는 경우에 해당한다는 점에 대한 증명책임의 소재(=임대인) / ‘실제 거주하려는 의사’의 존재를 인정하기 위한 요건 및 판단 기준\n【참조조문】\n\n[1] 주택임대차보호법 제6조의3 제1항 /\n\n[2] 주택임대차보호법 제6조의3 제1항 제8호\n【참조판례】\n\n[1]\n\n[2] 대법원 2023. 12. 7. 선고 2022다279795 판결(공2024상, 110) / [1] 대법원 2022. 12. 1. 선고 2021다266631 판결(공2023상, 164)\n【전문】\n\n【원고, 피상고인】 원고\n\n\n\n【피고, 상고인】 피고 (소송대리인 변호사 이윤우)\n\n\n\n【원심판결】 서울북부지법 2023. 7. ']","A. 네, 임대인이 아무런 통지를 하지 않았다면 계약이 묵시적으로 갱신된 것으로 볼 수 있습니다.

B. 지금 당장 할 일
   - 계약서에 명시된 임대차 기간 확인
   - 임대인에게 계약 갱신 여부 확인 요청
   - 전입신고 및 확정일자 신청 여부 검토
   - 임대차 보증금 및 차임 납부 내역 확인
   - 필요 시 법률 상담 또는 분쟁 조정 기관에 문의

C. 법적 근거
   - 주택임대차보호법 제6조(계약의 갱신) - 임대인이 계약 종료 6개월 전부터 2개월 전까지 통지를 하지 않으면 계약이 묵시적으로 갱신된 것으로 본다.

D. 절차/증빙
   - 계약서 및 관련 서류 보관
   - 전입신고는 주민센터에서 가능하며, 확정일자는 법원에서 신청
   - 임대인과의 통신 기록(이메일, 문자 등) 보관

E. 유사 판례/사례
   - 대법원 2002. 6. 28. 판례(2002다23482) - 임대인이 계약 갱신 거절 통지를 하지 않은 경우, 묵시적 갱신으로 판단됨.

F. 추가 확인 질문
   1. 계약서에 명시된 임대차 기간은 언제까지인가요?
   2. 임대인과의 통신 기록이 있나요?
   3. 현재 거주 중인 주택의 상태는 어떤가요?
   4. 임대인에게 계약 갱신 여부를 문의해본 적이 있나요?

이 정보는 일반적인 법률정보이며, 구체 사건의 법률 자문이 아님을 알려드립니다.","네, 일정한 요건을 충족하면 계약은 자동으로 연장된 것으로 봅니다.
주택임대차보호법 제6조 제1항에 따르면,
임대차기간이 끝나기 6개월 전부터 2개월 전까지의 기간 동안
임대인과 임차인 모두가 계약을 갱신하지 않겠다는 뜻이나 조건 변경의 통지를 하지 않은 경우,
그 임대차는 종전과 동일한 조건으로 다시 임대차한 것으로 봅니다.
이를 묵시적 갱신이라고 하며,
이 경우 계약은 새로 체결된 것으로 보되,
보증금·차임 등 기존 계약 조건이 그대로 유지됩니다.
따라서 계약 만료 시점까지
집주인이 아무런 의사표시를 하지 않았고,
임차인도 갱신 거절이나 조건 변경 통지를 하지 않았다면,
계약은 법에 따라 자동으로 연장된 것으로 판단됩니다.
📌 법적 근거
주택임대차보호법 제6조 제1항",0.9999999999666667,1.0,0.9999999999866667
"묵시적으로 연장된 줄 모르고 살았는데, 이사 가려면 언제까지 살아야 하나요?","['① 제6조에도 불구하고 임대인은 임차인이 제6조제1항 전단의 기간 이내에 계약갱신을 요구할 경우 정당한 사유 없이 거절하지 못한다. 다만, 다음 각 호의 어느 하나에 해당하는 경우에는 그러하지 아니하다.\n\n1. 임차인이 2기의 차임액에 해당하는 금액에 이르도록 차임을 연체한 사실이 있는 경우\n\n2. 임차인이 거짓이나 그 밖의 부정한 방법으로 임차한 경우\n\n3. 서로 합의하여 임대인이 임차인에게 상당한 보상을 제공한 경우\n\n4. 임차인이 임대인의 동의 없이 목적 주택의 전부 또는 일부를 전대(轉貸)한 경우\n\n5. 임차인이 임차한 주택의 전부 또는 일부를 고의나 중대한 과실로 파손한 경우\n\n6. 임차한 주택의 전부 또는 일부가 멸실되어 임대차의 목적을 달성하지 못할 경우\n\n7. 임대인이 다음 각 목의 어느 하나에 해당하는 사유로 목적 주택의 전부 또는 대부분을 철거하거나 재건축하기 위하여 목적 주택의 점유를 회복할 필요가 있는 경우\n\n가. 임대차계약 체결 당시 공사시기 및 소요기간 등을 포함한 철거 또는 재건축 계획을 임차인에게 구체적으로 고지하고 그 계획에 따르는 경우\n\n나. 건물이 노후ㆍ훼손 또는 일부 멸실되는 등 안전사고의 우려가 있는 경우\n\n다. 다른 법', '① 임대인이 임대차기간이 끝나기 6개월 전부터 2개월 전까지의 기간에 임차인에게 갱신거절(更新拒絶)의 통지를 하지 아니하거나 계약조건을 변경하지 아니하면 갱신하지 아니한다는 뜻의 통지를 하지 아니한 경우에는 그 기간이 끝난 때에 전 임대차와 동일한 조건으로 다시 임대차한 것으로 본다. 임차인이 임대차기간이 끝나기 2개월 전까지 통지하지 아니한 경우에도 또한 같다. <개정 2020. 6. 9.>\n\n② 제1항의 경우 임대차의 존속기간은 2년으로 본다.<개정 2009. 5. 8.>\n\n③ 2기(期)의 차임액(借賃額)에 달하도록 연체하거나 그 밖에 임차인으로서의 의무를 현저히 위반한 임차인에 대하여는 제1항을 적용하지 아니한다.\n\n[전문개정 2008. 3. 21.]', '① 기간을 정하지 아니하거나 2년 미만으로 정한 임대차는 그 기간을 2년으로 본다. 다만, 임차인은 2년 미만으로 정한 기간이 유효함을 주장할 수 있다.\n\n② 임대차기간이 끝난 경우에도 임차인이 보증금을 반환받을 때까지는 임대차관계가 존속되는 것으로 본다.\n\n[전문개정 2008. 3. 21.]']","A. 묵시적 갱신된 경우, 계약 해지 통보는 최소 1개월 전에 해야 합니다.

B. 지금 당장 할 일
   - 임대차 계약서 확인: 계약 해지 통보 기간을 확인하세요.
   - 임대인에게 해지 의사 통보: 최소 1개월 전에 통보하세요.
   - 새로운 주거지 확보: 이사할 곳을 미리 알아보세요.
   - 보증금 반환 관련 사항 확인: 보증금 반환 시기와 조건을 확인하세요.

C. 법적 근거
   - 주택임대차보호법 제6조(계약의 갱신) - 묵시적 갱신 시 계약 해지 통보는 1개월 전까지 해야 함.

D. 절차/증빙
   - 해지 통보는 내용증명으로 보내는 것이 좋습니다.
   - 보증금 반환을 위한 서류 준비: 계약서, 통보서 사본 등.

E. 유사 판례/사례
   - 묵시적 갱신 후 해지 통보를 하지 않아 계약이 연장된 사례가 많습니다. 이 경우, 해지 통보를 하지 않으면 계약이 계속 유지됩니다.

F. 추가 확인 질문
   - 현재 계약 기간은 언제까지인가요?
   - 임대인과의 관계는 어떤가요? (원활한 소통 가능 여부)
   - 이사할 새로운 장소는 이미 정해졌나요?","바로 나갈 수 있는 것은 아니고, 해지 통지를 한 날부터 3개월은 더 살아야 합니다.
주택임대차보호법 제6조의2에 따르면,
제6조에 따른 묵시적 갱신이 된 임대차의 경우,
임차인은 언제든지 계약 해지를 통지할 수 있지만,
그 해지의 효력은 임대인에게 통지가 도달한 날부터 3개월이 지나야 발생합니다.
따라서 묵시적으로 계약이 연장된 사실을 모르고 살고 있었더라도,
임차인이 이사를 가기 위해 해지를 통지했다면
그 즉시 계약이 끝나는 것이 아니라,
통지 후 3개월 동안은 임대차관계가 유지됩니다.
즉, “언제든 나갈 수 있다”는 표현은
해지 통지는 언제든 가능하다는 의미일 뿐,
실제로는 3개월의 법정 유예기간이 적용됩니다.
📌 법적 근거
주택임대차보호법 제6조의2",0.9999999999666667,1.0,0.9999999999866667
"집주인이 실거주한다고 갱신 거절했는데, 나중에 안 살면 확인할 수 있나요?","['① 제6조에도 불구하고 임대인은 임차인이 제6조제1항 전단의 기간 이내에 계약갱신을 요구할 경우 정당한 사유 없이 거절하지 못한다. 다만, 다음 각 호의 어느 하나에 해당하는 경우에는 그러하지 아니하다.\n\n1. 임차인이 2기의 차임액에 해당하는 금액에 이르도록 차임을 연체한 사실이 있는 경우\n\n2. 임차인이 거짓이나 그 밖의 부정한 방법으로 임차한 경우\n\n3. 서로 합의하여 임대인이 임차인에게 상당한 보상을 제공한 경우\n\n4. 임차인이 임대인의 동의 없이 목적 주택의 전부 또는 일부를 전대(轉貸)한 경우\n\n5. 임차인이 임차한 주택의 전부 또는 일부를 고의나 중대한 과실로 파손한 경우\n\n6. 임차한 주택의 전부 또는 일부가 멸실되어 임대차의 목적을 달성하지 못할 경우\n\n7. 임대인이 다음 각 목의 어느 하나에 해당하는 사유로 목적 주택의 전부 또는 대부분을 철거하거나 재건축하기 위하여 목적 주택의 점유를 회복할 필요가 있는 경우\n\n가. 임대차계약 체결 당시 공사시기 및 소요기간 등을 포함한 철거 또는 재건축 계획을 임차인에게 구체적으로 고지하고 그 계획에 따르는 경우\n\n나. 건물이 노후ㆍ훼손 또는 일부 멸실되는 등 안전사고의 우려가 있는 경우\n\n다. 다른 법', '① 제6조제1항에 따라 계약이 갱신된 경우 같은 조 제2항에도 불구하고 임차인은 언제든지 임대인에게 계약해지(契約解止)를 통지할 수 있다. <개정 2009. 5. 8.>\n\n② 제1항에 따른 해지는 임대인이 그 통지를 받은 날부터 3개월이 지나면 그 효력이 발생한다.\n\n[전문개정 2008. 3. 21.]', '① 임대차계약당사자는 제6조의2에 따라 신고한 후 해당 주택 임대차 계약의 보증금, 차임 등 임대차 가격이 변경되거나 임대차 계약이 해제된 때에는 변경 또는 해제가 확정된 날부터 30일 이내에 해당 신고관청에 공동으로 신고하여야 한다. 다만, 임대차계약당사자 중 일방이 국가등인 경우에는 국가등이 신고하여야 한다.\n\n② 제1항에도 불구하고 임대차계약당사자 중 일방이 신고를 거부하는 경우에는 국토교통부령으로 정하는 바에 따라 단독으로 신고할 수 있다.\n\n③ 제1항에 따라 신고를 받은 신고관청은 그 신고 내용을 확인한 후 신고인에게 신고필증을 지체 없이 발급하여야 한다.\n\n④ 신고관청은 제1항부터 제3항까지의 규정에 따른 사무에 대한 해당 권한의 일부를 그 지방자치단체의 조례로 정하는 바에 따라 읍ㆍ면ㆍ동장 또는 출장소장에게 위임할 수 있다.\n\n⑤ 제1항부터 제3항까지의 규정에 따른 신고 및 신고필증 발급의 절차와 그 밖에 필요한 사항은 국토교통부령으로 정한다.\n\n[본조신설 2020. 8. 18.]']","A. 임대인이 실거주한다고 하여 계약갱신을 거절한 후 실제로 거주하지 않는 경우, 이는 법적으로 확인할 수 있습니다.

B. 지금 당장 할 일
   - 임대인의 거주 여부를 확인하기 위해 해당 주택의 등기부등본을 확인하세요.
   - 임대인이 실제 거주하지 않는다면, 임대인에게 내용증명을 보내어 갱신 거절의 정당성을 문제 삼아 보세요.
   - 필요시, 법률 상담을 통해 추가적인 조치를 논의하세요.

C. 법적 근거
   - 주택임대차보호법 제6조의3 제1항 제8호 - 임대인이 목적 주택에 실제 거주하려는 경우에 해당하는지 여부는 임대인이 증명해야 합니다.

D. 절차/증빙
   - 등기부등본을 발급받아 임대인의 소유권 및 거주 여부를 확인하세요.
   - 내용증명은 우편으로 발송하여 임대인의 답변을 요구하세요.

E. 유사 판례/사례
   - 판례 20가단569230: 임대인이 계약갱신 요구를 거절한 후 실제 거주하지 않는 경우, 임차인은 법적으로 손해배상을 청구할 수 있습니다.

F. 추가 확인 질문
   1. 임대인이 실거주한다고 주장한 주택의 주소는 무엇인가요?
   2. 임대인이 갱신 거절을 통지한 시점은 언제인가요?
   3. 임대인이 실제로 거주하지 않는다는 증거가 있나요? (예: 이사한 흔적, 다른 주소로의 전입신고 등)

답변은 일반적인 법률정보이며, 구체 사건의 법률 자문이 아님을 알려드립니다.","네, 확인할 수 있고, 실제로 거주하지 않았다면 손해배상 문제로까지 이어질 수 있습니다.
주택임대차보호법 제6조의3 제1항에 따르면,
임대인은 본인 또는 그 직계존속·직계비속이 실제로 거주하려는 경우에 한하여
임차인의 계약갱신요구를 거절할 수 있습니다.
즉, ""실거주 예정""은 단순한 명분이 아니라
실제 거주 의사가 객관적으로 존재해야 하는 법적 요건입니다.
그리고 임대인이 실거주를 이유로 갱신을 거절한 후
정당한 사유 없이 실제로 거주하지 않은 경우,
이는 갱신 거절 사유가 사후적으로 부정되는 상황에 해당합니다.
주택임대차보호법 제6조의3 제5항에 따르면,
임대인이 실거주를 이유로 갱신을 거절했음에도
갱신요구가 거절되지 아니하였더라면 갱신되었을 기간이 만료되기 전에
정당한 사유 없이 제3자에게 목적 주택을 임대한 경우
임대인은 갱신거절로 인하여 임차인이 입은 손해를 배상하여야 합니다.
이와 관련하여
실거주 여부는 주민등록 전입 여부, 실제 거주 정황 등
객관적으로 확인 가능한 자료를 통해 판단될 수 있습니다.
또한 주택임대차보호법 시행령 제5조 제5호에 따르면,
실거주를 이유로 계약의 갱신이 거절된 임대차계약의 임차인이었던 자는
확정일자부 정보를 열람할 수 있는 이해관계인에 해당하므로,
임차인은 확정일자부를 통해 임대인이 다른 임차인과 새로운 계약을 체결했는지 등을
확인할 수 있는 권리를 가집니다.
따라서 임대인이 실거주를 이유로 갱신을 거절했음에도
실제로 거주하지 않은 사실이 확인된다면,
임차인은 이를 근거로 법에서 정한 손해배상 책임을 물을 수 있습니다.
📌 법적 근거
주택임대차보호법 제6조의3 제1항
주택임대차보호법 제6조의3 제5항
주택임대차보호법 시행령 제5조 제5호",0.9999999999666667,1.0,0.9999999999866667
월세를 6개월 전에 올렸는데 또 올리자고 해요. 따라야 하나요?,"['임차인이 제7조에 따른 증액비율을 초과하여 차임 또는 보증금을 지급하거나 제7조의2에 따른 월차임 산정률을 초과하여 차임을 지급한 경우에는 초과 지급된 차임 또는 보증금 상당금액의 반환을 청구할 수 있다.\n\n[본조신설 2013. 8. 13.]', '① 당사자는 약정한 차임이나 보증금이 임차주택에 관한 조세, 공과금, 그 밖의 부담의 증감이나 경제사정의 변동으로 인하여 적절하지 아니하게 된 때에는 장래에 대하여 그 증감을 청구할 수 있다. 이 경우 증액청구는 임대차계약 또는 약정한 차임이나 보증금의 증액이 있은 후 1년 이내에는 하지 못한다. <개정 2020. 7. 31.>\n\n② 제1항에 따른 증액청구는 약정한 차임이나 보증금의 20분의 1의 금액을 초과하지 못한다. 다만, 특별시ㆍ광역시ㆍ특별자치시ㆍ도 및 특별자치도는 관할 구역 내의 지역별 임대차 시장 여건 등을 고려하여 본문의 범위에서 증액청구의 상한을 조례로 달리 정할 수 있다.<신설 2020. 7. 31.>\n\n[전문개정 2008. 3. 21.]', '① 법 제7조에 따른 차임이나 보증금(이하 “차임등”이라 한다)의 증액청구는 약정한 차임등의 20분의 1의 금액을 초과하지 못한다.\n\n② 제1항에 따른 증액청구는 임대차계약 또는 약정한 차임등의 증액이 있은 후 1년 이내에는 하지 못한다.\n\n[전문개정 2008. 8. 21.]\n\n[제2조에서 이동, 종전 제8조는 제15조로 이동 <2013. 12. 30.>]']","A. 결론: 임대차계약에서 차임 증액은 법적으로 제한이 있으며, 6개월 전에 이미 증액한 경우 추가 증액은 불가능합니다.

B. 지금 당장 할 일:
1. 현재 계약서의 차임 증액 관련 조항 확인하기.
2. 임대인에게 차임 증액 요청에 대한 법적 근거 설명하기.
3. 필요시, 주택임대차분쟁조정위원회에 상담 요청하기.
4. 차임 증액 요청에 대한 서면 답변 준비하기.
5. 향후 차임 증액 요청이 있을 경우, 관련 법령 확인하기.

C. 법적 근거:
- 주택임대차보호법 제7조(차임 등의 증감청구권) - 차임 증액은 약정한 차임의 20분의 1을 초과할 수 없으며, 증액 청구는 증액이 있은 후 1년 이내에 할 수 없다.
- 주택임대차보호법 시행령 제8조(차임 등 증액청구의 기준 등) - 차임 증액은 약정한 차임의 20분의 1을 초과할 수 없다.

D. 절차/증빙:
- 계약서에서 차임 증액 조항 확인 후, 임대인에게 서면으로 답변.
- 주택임대차분쟁조정위원회에 상담 시, 계약서 사본 및 증액 요청 관련 서류 준비.

E. 유사 판례/사례:
- 차임 증액이 법적 한도를 초과한 경우, 법원에서 증액 청구가 기각된 사례가 있음.

F. 추가 확인 질문:
1. 계약서에 차임 증액 관련 조항은 어떻게 되어 있나요?
2. 임대인이 제시한 증액 금액은 얼마인가요?
3. 이전에 차임 증액이 있었던 시점은 언제인가요?
4. 임대인과의 대화 내용은 어떤 것이었나요?

답변은 일반적인 법률정보이며, 구체 사건의 법률 자문이 아님을 알려드립니다.","아니요. 따라야 하지 않습니다.
주택임대차보호법 제7조 제2항에 따르면,
차임(월세)이나 보증금의 증액청구는 약정한 차임이나 보증금의
100분의 5(20분의 1)를 초과할 수 없습니다.
이에 대해
주택임대차보호법 시행령 제8조 제1항에서도
차임등의 증액청구는 약정한 차임등의 20분의 1의 금액을 초과하지 못한다고
다시 한번 명확히 규정하고 있습니다.
또한 주택임대차보호법 제7조 제1항에 따르면,
차임이나 보증금의 증액청구는
임대차계약 또는 약정한 차임이나 보증금의 증액이 있은 후 1년 이내에는 하지 못합니다.
이에 대해
주택임대차보호법 시행령 제8조 제2항에서도
증액청구는 임대차계약 또는 약정한 차임등의 증액이 있은 후
1년 이내에는 하지 못한다고 재확인하고 있습니다.
따라서 월세를 6개월 전에 이미 인상했다면,
5% 이내 여부와 관계없이
1년이 지나지 않은 상태에서의 추가 인상 요구는 법적으로 허용되지 않습니다.
즉, 임대인이
""시장가가 올랐다"", ""재계약이니까 다시 올린다""고 주장하더라도,
6개월 만에 다시 월세를 올리자는 요구에는 응할 의무가 없습니다.
📌 법적 근거
주택임대차보호법 제7조 제1항 (1년 재증액 금지)
주택임대차보호법 제7조 제2항 (5% 상한)
주택임대차보호법 시행령 제8조 제1항 (5% 상한 재확인)
주택임대차보호법 시행령 제8조 제2항 (1년 재증액 금지 재확인)",0.9999999999666667,1.0,0.9999999999866667
"보증금을 줄이고 월세로 바꾸자는데, 기준 없이 마음대로 정해도 되나요?","['보증금의 전부 또는 일부를 월 단위의 차임으로 전환하는 경우에는 그 전환되는 금액에 다음 각 호 중 낮은 비율을 곱한 월차임(月借賃)의 범위를 초과할 수 없다. <개정 2010. 5. 17., 2013. 8. 13., 2016. 5. 29.>\n\n1. 「은행법」에 따른 은행에서 적용하는 대출금리와 해당 지역의 경제 여건 등을 고려하여 대통령령으로 정하는 비율\n\n2. 한국은행에서 공시한 기준금리에 대통령령으로 정하는 이율을 더한 비율\n\n[전문개정 2008. 3. 21.]', '① 당사자는 약정한 차임이나 보증금이 임차주택에 관한 조세, 공과금, 그 밖의 부담의 증감이나 경제사정의 변동으로 인하여 적절하지 아니하게 된 때에는 장래에 대하여 그 증감을 청구할 수 있다. 이 경우 증액청구는 임대차계약 또는 약정한 차임이나 보증금의 증액이 있은 후 1년 이내에는 하지 못한다. <개정 2020. 7. 31.>\n\n② 제1항에 따른 증액청구는 약정한 차임이나 보증금의 20분의 1의 금액을 초과하지 못한다. 다만, 특별시ㆍ광역시ㆍ특별자치시ㆍ도 및 특별자치도는 관할 구역 내의 지역별 임대차 시장 여건 등을 고려하여 본문의 범위에서 증액청구의 상한을 조례로 달리 정할 수 있다.<신설 2020. 7. 31.>\n\n[전문개정 2008. 3. 21.]', '① 제6조에도 불구하고 임대인은 임차인이 제6조제1항 전단의 기간 이내에 계약갱신을 요구할 경우 정당한 사유 없이 거절하지 못한다. 다만, 다음 각 호의 어느 하나에 해당하는 경우에는 그러하지 아니하다.\n\n1. 임차인이 2기의 차임액에 해당하는 금액에 이르도록 차임을 연체한 사실이 있는 경우\n\n2. 임차인이 거짓이나 그 밖의 부정한 방법으로 임차한 경우\n\n3. 서로 합의하여 임대인이 임차인에게 상당한 보상을 제공한 경우\n\n4. 임차인이 임대인의 동의 없이 목적 주택의 전부 또는 일부를 전대(轉貸)한 경우\n\n5. 임차인이 임차한 주택의 전부 또는 일부를 고의나 중대한 과실로 파손한 경우\n\n6. 임차한 주택의 전부 또는 일부가 멸실되어 임대차의 목적을 달성하지 못할 경우\n\n7. 임대인이 다음 각 목의 어느 하나에 해당하는 사유로 목적 주택의 전부 또는 대부분을 철거하거나 재건축하기 위하여 목적 주택의 점유를 회복할 필요가 있는 경우\n\n가. 임대차계약 체결 당시 공사시기 및 소요기간 등을 포함한 철거 또는 재건축 계획을 임차인에게 구체적으로 고지하고 그 계획에 따르는 경우\n\n나. 건물이 노후ㆍ훼손 또는 일부 멸실되는 등 안전사고의 우려가 있는 경우\n\n다. 다른 법']","A. 보증금을 줄이고 차임으로 전환할 때, 임대인은 법적 기준을 준수해야 합니다.

B. 지금 당장 할 일:
   - 계약서에 명시된 보증금과 차임의 전환 조건을 확인하세요.
   - 전환되는 차임이 주택임대차보호법 제7조의2에 따른 범위를 초과하지 않는지 확인하세요.
   - 임대인과의 대화 내용을 기록하고, 필요 시 서면으로 확인 요청하세요.
   - 법률 상담을 통해 구체적인 상황을 점검받는 것도 고려하세요.

C. 법적 근거:
   - 주택임대차보호법 제7조의2(월차임 전환 시 산정률의 제한) - 보증금의 전부 또는 일부를 월 단위의 차임으로 전환하는 경우, 대통령령으로 정하는 비율을 초과할 수 없습니다.

D. 절차/증빙:
   - 임대인과의 합의 내용을 서면으로 기록하세요.
   - 전환되는 차임이 법적 기준을 초과하지 않도록 주의하세요.

E. 유사 판례/사례:
   - 임대차계약에서 임대인이 임차인의 동의 없이 일방적으로 보증금과 차임을 전환한 경우, 계약이 무효가 될 수 있습니다(대법원 2016. 11. 18. 2013다42236).

F. 추가 확인 질문:
   1. 현재 계약서에 보증금과 차임의 전환 조건이 어떻게 명시되어 있나요?
   2. 임대인이 제시한 차임 금액은 얼마인가요?
   3. 임대인과의 대화에서 어떤 조건이 논의되었나요?

이 정보는 일반적인 법률정보이며, 구체적인 사건에 대한 법률 자문이 아님을 알려드립니다.","아니요. 기준 없이 마음대로 정할 수 없습니다. 보증금을 월세로 전환할 때에는 법에서 정한 전환율 상한을 따라야 합니다.
주택임대차보호법 제7조의2에 따르면,
보증금의 전부 또는 일부를 차임(월세)으로 전환하는 경우,
그 전환으로 산정되는 차임은 대통령령으로 정하는 범위를 초과할 수 없습니다.
이에 대해
주택임대차보호법 시행령 제9조에 따르면,
보증금을 월세로 전환할 때 적용되는 전환율의 상한은 다음과 같이 정해집니다.
전환 월세 ≤ (전환되는 보증금 × 연 전환율) ÷ 12
이때 연 전환율 상한 = 한국은행 기준금리 + 2%
즉, 보증금을 월세로 바꿀 때
임대인은 기준금리에 2%를 더한 비율을 초과하여
월세를 산정할 수 없습니다.
🔎 예시
전환되는 보증금: 1,000만 원
한국은행 기준금리: 3.5%
적용 가능한 연 전환율 상한: 3.5% + 2% = 5.5%
→ 연 기준 전환 가능 금액
1,000만 원 × 5.5% = 55만 원
→ 월세 상한
55만 원 ÷ 12 ≈ 약 4만 5천 원
따라서 보증금 1,000만 원을 줄이는 대신
월세를 약 4만 5천 원을 초과하여 요구하는 것은 법적으로 허용되지 않습니다.
📌 법적 근거
주택임대차보호법 제7조의2
주택임대차보호법 시행령 제9조",0.9999999999666667,1.0,0.9999999999866667
"경기도에 사는데 집이 경매로 넘어가면, 보증금 일부라도 먼저 받을 수 있나요?","['① 임차인(제3조제2항 및 제3항의 법인을 포함한다. 이하 같다)이 임차주택에 대하여 보증금반환청구소송의 확정판결이나 그 밖에 이에 준하는 집행권원(執行權原)에 따라서 경매를 신청하는 경우에는 집행개시(執行開始)요건에 관한 「민사집행법」 제41조에도 불구하고 반대의무(反對義務)의 이행이나 이행의 제공을 집행개시의 요건으로 하지 아니한다. <개정 2013. 8. 13.>\n\n② 제3조제1항ㆍ제2항 또는 제3항의 대항요건(對抗要件)과 임대차계약증서(제3조제2항 및 제3항의 경우에는 법인과 임대인 사이의 임대차계약증서를 말한다)상의 확정일자(確定日字)를 갖춘 임차인은 「민사집행법」에 따른 경매 또는 「국세징수법」에 따른 공매(公賣)를 할 때에 임차주택(대지를 포함한다)의 환가대금(換價代金)에서 후순위권리자(後順位權利者)나 그 밖의 채권자보다 우선하여 보증금을 변제(辨濟)받을 권리가 있다.<개정 2013. 8. 13.>\n\n③ 임차인은 임차주택을 양수인에게 인도하지 아니하면 제2항에 따른 보증금을 받을 수 없다.\n\n④ 제2항 또는 제7항에 따른 우선변제의 순위와 보증금에 대하여 이의가 있는 이해관계인은 경매법원이나 체납처분청에 이의를 신청할 수 있다.<개정 2013. ', '① 임대차가 끝난 후 보증금이 반환되지 아니한 경우 임차인은 임차주택의 소재지를 관할하는 지방법원ㆍ지방법원지원 또는 시ㆍ군 법원에 임차권등기명령을 신청할 수 있다. <개정 2013. 8. 13.>\n\n② 임차권등기명령의 신청서에는 다음 각 호의 사항을 적어야 하며, 신청의 이유와 임차권등기의 원인이 된 사실을 소명(疎明)하여야 한다.<개정 2013. 8. 13.>\n\n1. 신청의 취지 및 이유\n\n2. 임대차의 목적인 주택(임대차의 목적이 주택의 일부분인 경우에는 해당 부분의 도면을 첨부한다)\n\n3. 임차권등기의 원인이 된 사실(임차인이 제3조제1항ㆍ제2항 또는 제3항에 따른 대항력을 취득하였거나 제3조의2제2항에 따른 우선변제권을 취득한 경우에는 그 사실)\n\n4. 그 밖에 대법원규칙으로 정하는 사항\n\n③ 다음 각 호의 사항 등에 관하여는 「민사집행법」 제280조제1항, 제281조, 제283조, 제285조, 제286조, 제288조제1항, 같은 조 제2항 본문, 제289조, 제290조제2항 중 제288조제1항에 대한 부분, 제291조, 제292조제3항 및 제293조를 준용한다. 이 경우 “가압류”는 “임차권등기”로, “채권자”는 “임차인”으로, “채무자”는 “임대인', '① 임차인은 보증금 중 일정액을 다른 담보물권자(擔保物權者)보다 우선하여 변제받을 권리가 있다. 이 경우 임차인은 주택에 대한 경매신청의 등기 전에 제3조제1항의 요건을 갖추어야 한다.\n\n② 제1항의 경우에는 제3조의2제4항부터 제6항까지의 규정을 준용한다.\n\n③ 제1항에 따라 우선변제를 받을 임차인 및 보증금 중 일정액의 범위와 기준은 제8조의2에 따른 주택임대차위원회의 심의를 거쳐 대통령령으로 정한다. 다만, 보증금 중 일정액의 범위와 기준은 주택가액(대지의 가액을 포함한다)의 2분의 1을 넘지 못한다.<개정 2009. 5. 8.>\n\n[전문개정 2008. 3. 21.]']","A. 경기도에 사는 임차인은 임대차보증금의 일부를 우선변제권으로 받을 수 있습니다.

B. 지금 당장 할 일
   - 임대차계약서와 관련 서류를 준비하세요.
   - 임차권등기명령을 신청할 수 있는지 확인하세요.
   - 경매 절차에 대한 정보를 수집하고, 경매 일정 및 진행 상황을 확인하세요.
   - 필요시 법률 상담을 받거나 주택임대차분쟁조정위원회에 문의하세요.

C. 법적 근거
   - 주택임대차보호법 제3조의2(보증금의 회수) - 임차인은 대항요건과 확정일자를 갖춘 경우, 경매에서 보증금을 우선적으로 변제받을 권리가 있습니다.
   - 주택임대차보호법 시행령 제10조(보증금 중 일정액의 범위 등) - 경기도의 경우, 보증금 중 일정액이 우선변제를 받을 수 있는 범위가 정해져 있습니다.

D. 절차/증빙
   - 임차권등기명령 신청 시, 임대차계약서, 주민등록증, 보증금 지급 증명서류 등을 첨부해야 합니다.
   - 경매가 진행 중인 경우, 경매법원에 배당요구를 하여야 합니다.

E. 유사 판례/사례
   - 대법원 판례 2017다212194: 임차인이 대항요건과 확정일자를 갖춘 경우, 우선변제권을 인정받을 수 있음을 보여줍니다.

F. 추가 확인 질문
   - 임대차계약서에 확정일자가 찍혀 있나요?
   - 보증금의 일부라도 지급하였나요?
   - 현재 경매 절차가 진행 중인가요?
   - 전입신고는 완료하였나요?

이 정보는 일반적인 법률정보이며, 구체 사건의 법률 자문이 아님을 알려드립니다.","네, 경기도에 사는 경우에도 요건을 충족하면 보증금 일부를 다른 채권자보다 먼저 받을 수 있습니다.
주택임대차보호법 제8조 제1항에 따르면,
임차인이 일정 요건을 갖춘 소액임차인에 해당하면,
주택이 경매로 넘어가더라도 보증금 중 일정액을 최우선으로 변제받을 수 있습니다.
이때 소액임차인에 해당하는지 여부와
최우선으로 보호받을 수 있는 보증금 액수는
주택 소재 지역별로 다르게 정해집니다.
이에 대해
주택임대차보호법 시행령 제10조에 따르면,
**경기도(서울특별시 제외 지역)**의 경우
소액임차인 기준 보증금: 1억 4,500만 원 이하
최우선변제금액: 4,800만 원
으로 정해져 있습니다
(지역별 소액임차인 보호금액 – 주택임대차보호법 시행령 제10조).
또한
주택임대차보호법 시행령 제11조에 따르면,
위 최우선변제는 보증금 전액이 아니라 상한액까지만 적용되며,
이를 초과하는 보증금 부분은
다른 채권자와 같은 순위로 배당을 받게 됩니다
(최우선변제 대상 보증금의 상한 – 주택임대차보호법 시행령 제11조).
따라서 경기도에 거주하는 임차인이
주택을 인도받고 주민등록을 마쳤고
보증금이 1억 4,500만 원 이하라면
집이 경매로 넘어가더라도
보증금 전부를 잃는 것이 아니라, 최대 4,800만 원까지는 먼저 보호받을 수 있습니다.
📌 법적 근거
주택임대차보호법 제8조 제1항
주택임대차보호법 시행령 제10조
주택임대차보호법 시행령 제11조",0.9999999999666667,,
조정 신청은 어디에 하나요? 말로 해도 되나요? 돈은 꼭 내야 하나요?,"['① 제14조제2항 각 호의 어느 하나에 해당하는 주택임대차분쟁의 당사자는 해당 주택이 소재하는 지역을 관할하는 조정위원회에 분쟁의 조정을 신청할 수 있다. <개정 2020. 7. 31.>\n\n② 조정위원회는 신청인이 조정을 신청할 때 조정 절차 및 조정의 효력 등 분쟁조정에 관하여 대통령령으로 정하는 사항을 안내하여야 한다.\n\n③ 조정위원회의 위원장은 다음 각 호의 어느 하나에 해당하는 경우 신청을 각하한다. 이 경우 그 사유를 신청인에게 통지하여야 한다.<개정 2020. 6. 9.>\n\n1. 이미 해당 분쟁조정사항에 대하여 법원에 소가 제기되거나 조정 신청이 있은 후 소가 제기된 경우\n\n2. 이미 해당 분쟁조정사항에 대하여 「민사조정법」에 따른 조정이 신청된 경우나 조정신청이 있은 후 같은 법에 따른 조정이 신청된 경우\n\n3. 이미 해당 분쟁조정사항에 대하여 이 법에 따른 조정위원회에 조정이 신청된 경우나 조정신청이 있은 후 조정이 성립된 경우\n\n4. 조정신청 자체로 주택임대차에 관한 분쟁이 아님이 명백한 경우\n\n5. 피신청인이 조정절차에 응하지 아니한다는 의사를 통지한 경우\n\n6. 신청인이 정당한 사유 없이 조사에 응하지 아니하거나 2회 이상 출석요구에 응하', '① 조정위원회는 조정을 위하여 필요하다고 인정하는 경우 신청인, 피신청인, 분쟁 관련 이해관계인 또는 참고인에게 출석하여 진술하게 하거나 조정에 필요한 자료나 물건 등을 제출하도록 요구할 수 있다.\n\n② 조정위원회는 조정을 위하여 필요하다고 인정하는 경우 조정위원 또는 사무국의 직원으로 하여금 조정 대상물 및 관련 자료에 대하여 조사하게 하거나 자료를 수집하게 할 수 있다. 이 경우 조정위원이나 사무국의 직원은 그 권한을 표시하는 증표를 지니고 이를 관계인에게 내보여야 한다.\n\n③ 조정위원회위원장은 특별시장, 광역시장, 특별자치시장, 도지사 및 특별자치도지사(이하 “시ㆍ도지사”라 한다)에게 해당 조정업무에 참고하기 위하여 인근지역의 확정일자 자료, 보증금의 월차임 전환율 등 적정 수준의 임대료 산정을 위한 자료를 요청할 수 있다. 이 경우 시ㆍ도지사는 정당한 사유가 없으면 조정위원회위원장의 요청에 따라야 한다.\n\n[본조신설 2016. 5. 29.]', '① 조정위원회가 조정안을 작성한 경우에는 그 조정안을 지체 없이 각 당사자에게 통지하여야 한다.\n\n② 제1항에 따라 조정안을 통지받은 당사자가 통지받은 날부터 14일 이내에 수락의 의사를 서면으로 표시하지 아니한 경우에는 조정을 거부한 것으로 본다.<개정 2020. 6. 9.>\n\n③ 제2항에 따라 각 당사자가 조정안을 수락한 경우에는 조정안과 동일한 내용의 합의가 성립된 것으로 본다.\n\n④ 제3항에 따른 합의가 성립한 경우 조정위원회위원장은 조정안의 내용을 조정서로 작성한다. 조정위원회위원장은 각 당사자 간에 금전, 그 밖의 대체물의 지급 또는 부동산의 인도에 관하여 강제집행을 승낙하는 취지의 합의가 있는 경우에는 그 내용을 조정서에 기재하여야 한다.\n\n[본조신설 2016. 5. 29.]']","A. 주택임대차분쟁조정위원회(조정위) 신청은 해당 주택이 소재하는 지역의 조정위원회에 해야 합니다.

B. 지금 당장 할 일
   - 해당 지역의 주택임대차분쟁조정위원회 연락처를 확인하세요.
   - 조정 신청서를 준비하세요. 서면 또는 구두로 신청할 수 있습니다.
   - 구두로 신청할 경우, 공무원에게 진술하여 조정신청조서를 작성해야 합니다.
   - 필요한 경우 증거서류를 준비하세요.

C. 법적 근거
   - 주택임대차보호법 제21조(조정의 신청 등) - 주택임대차분쟁의 당사자는 해당 주택이 소재하는 지역을 관할하는 조정위원회에 분쟁의 조정을 신청할 수 있습니다.
   - 경기도 주택임대차분쟁조정위원회 구성 및 운영 조례 제12조(조정의 신청 등) - 조정의 신청은 서면 또는 구두로 할 수 있습니다.

D. 절차/증빙
   - 조정 신청은 해당 조정위원회에 서면 또는 구두로 할 수 있으며, 구두로 신청할 경우 공무원에게 진술해야 합니다.
   - 조정신청서에는 당사자, 대리인, 신청의 취지와 분쟁의 내용을 기재해야 하며, 증거서류가 있을 경우 첨부해야 합니다.

E. 유사 판례/사례
   - 관련 판례는 없지만, 조정 신청 절차에 대한 일반적인 사례로는 조정위원회에 구두로 신청한 후 조정신청조서를 작성한 사례가 있습니다.

F. 추가 확인 질문
   - 어떤 종류의 분쟁이 발생했나요?
   - 조정 신청을 위한 서류는 준비되었나요?
   - 조정위원회에 구두로 신청할 계획이신가요?
   - 중개보수에 대한 구체적인 내용이 있나요?

※ 이 답변은 일반적인 법률정보이며, 구체 사건의 법률 자문이 아닙니다.","조정 신청은 주택이 소재한 지역의 주택임대차분쟁조정위원회에 합니다.
주택임대차보호법 제21조 제1항에 따르면,
주택임대차 분쟁의 조정은 주택 소재지를 관할하는 주택임대차분쟁조정위원회에 신청하도록 규정되어 있습니다.
또한 조정 신청은 반드시 서면으로만 해야 하는 것은 아닙니다.
주택임대차보호법 시행령 제30조에 따르면,
조정 신청은 서면뿐만 아니라 구두로도 할 수 있으며,
구두로 신청한 경우 조정위원회가 그 내용을 서면으로 작성해 접수합니다.
조정 신청에 비용이 드는지 여부와 관련해서는,
주택임대차보호법 시행령 제33조에 따르면,
조정 신청에는 수수료가 부과되는 것이 원칙이지만,
법에서 정한 경우에는 수수료의 전부 또는 일부가 면제되거나 환급될 수 있습니다.
따라서 조정 신청은
주택 소재지 관할 조정위원회에
직접 방문해 말로도 가능하고
수수료는 원칙적으로 있으나, 면제·환급 대상이 따로 정해져 있습니다.
📌 법적 근거
주택임대차보호법 제21조 제1항
주택임대차보호법 시행령 제30조
주택임대차보호법 시행령 제33조",0.9999999999666667,0.8333333333333334,0.8999999999866667
조정에서 합의했는데 집주인이 안 지켜요. 이거 강제할 수 있나요?,"['[판례 전문: 피고의 차임연체액 주장이 조정 해지 사유에 해당하지 않음을 판결하였다.]\n""청구이의"" (판례, 2021나66649)\n\n청구이의\n\n[서울중앙지방법원 2022. 11. 25. 2021나66649]\n【전문】\n\n【원고, 피항소인】 주식회사 삼의헌\n\n\n\n【피고, 항소인】 피고 (소송대리인 변호사 심영대)\n\n\n\n【제1심판결】 서울중앙지방법원 2021. 10. 20. 선고 2021가단372 판결\n\n\n\n【변론종결】2022. 9. 30.\n【주 문】\n\n 1. 피고의 항소를 기각한다.\n\n 2. 항소비용은 각자 부담한다.\n\n\n\n\n\n【청구취지 및 항소취지】1. 청구취지\n\n 피고의 원고에 대한 서울중앙지방법원 2019. 3. 8.자 2018머638355(2018가단5215216) 조정조서에 기초한 강제집행을 불허한다.\n\n2. 항소취지\n\n 제1심판결을 취소한다. 원고의 청구를 기각한다.\n【이 유】1. 인정사실\n\n\n\n 가. 피고는 2018. 7. 1. 원고에게 별지 목록 기재 건물을 보증금 15,750,000원, 차임 월 2,625,000원(부가가치세 별도), 관리비 1,000,000원(부가가치세 별도)로 정하여 임대하였는데, 원고의 차임 연체를 이유로 임대차계약을 해지하']","A. 조정에서 합의한 내용을 강제할 수 있는 방법이 있습니다.

B. 지금 당장 할 일
   - 조정조서의 내용을 확인하고 복사본을 확보하세요.
   - 임대인에게 내용증명을 보내어 합의 이행을 요구하세요.
   - 필요시 법원에 강제집행 신청을 고려하세요.
   - 변호사와 상담하여 법적 조치를 논의하세요.

C. 법적 근거
   - 민사소송법 제207조 - 조정조서는 법원의 판결과 동일한 효력을 가집니다.
   - 민사집행법 제2조 - 강제집행의 대상이 되는 권리입니다.

D. 절차/증빙
   - 조정조서 사본, 내용증명 발송 기록, 임대인과의 통신 기록 등을 준비하세요.
   - 강제집행을 원할 경우, 관할 법원에 신청서를 제출해야 합니다.

E. 유사 판례/사례
   - 판례 21나66649 - 조정조서의 내용이 이행되지 않을 경우, 법원에 강제집행을 청구할 수 있음을 보여줍니다.

F. 추가 확인 질문
   - 조정에서 합의한 내용은 무엇인가요?
   - 임대인이 어떤 부분을 지키지 않고 있나요?
   - 조정조서의 사본은 확보하셨나요?
   - 임대인과의 소통은 어떻게 이루어졌나요?

이 정보는 일반적인 법률정보이며, 구체 사건의 법률 자문이 아님을 알려드립니다.","네, 강제할 수 있습니다.
주택임대차보호법 제27조에 따르면,
제26조제4항 후단에 따라 강제집행을 승낙하는 취지의 내용이 기재된 조정서의 정본은
「민사집행법」 제56조에도 불구하고
집행력 있는 집행권원과 같은 효력을 가집니다.
즉, 조정서는 단순한 합의서가 아니라
강제집행이 가능한 집행권원입니다.
또한 조정서가 집행력을 갖기 위해서는
법과 시행령에서 정한 형식과 요건을 갖추어야 합니다.
이에 대해
주택임대차보호법 시행령 제34조에 따르면,
조정서에는 다음과 같은 사항이 기재되어야 합니다:
사건번호 및 사건명
당사자의 성명, 생년월일 및 주소
임차주택 소재지
신청의 취지 및 이유
조정내용(강제집행을 승낙하는 취지의 합의를 포함)
작성일
그리고 주택임대차보호법 시행령 제35조에 따르면,
조정위원회는 조정서가 작성된 경우
조정서 정본을 지체 없이 당사자에게 교부 또는 송달하여야 합니다.
따라서
조정이 성립되고,
시행령에서 정한 요건을 갖춘 조정서가 작성·송달되었으며,
특히 강제집행을 승낙하는 취지가 조정서에 기재되어 있다면,
임대인이 이를 이행하지 않을 경우
판결과 마찬가지로 강제집행을 통해 이행을 강제할 수 있습니다.
📌 법적 근거
주택임대차보호법 제27조 제1항
주택임대차보호법 시행령 제34조
주택임대차보호법 시행령 제35조",0.9999999999,,
전입신고는 했는데 소유권 이전등기가 먼저 끝난 상태였어요. 새 집주인에게도 제 임차권을 주장할 수 있나요?,"['① 임대차는 그 등기(登記)가 없는 경우에도 임차인(賃借人)이 주택의 인도(引渡)와 주민등록을 마친 때에는 그 다음 날부터 제삼자에 대하여 효력이 생긴다. 이 경우 전입신고를 한 때에 주민등록이 된 것으로 본다.\n\n② 주택도시기금을 재원으로 하여 저소득층 무주택자에게 주거생활 안정을 목적으로 전세임대주택을 지원하는 법인이 주택을 임차한 후 지방자치단체의 장 또는 그 법인이 선정한 입주자가 그 주택을 인도받고 주민등록을 마쳤을 때에는 제1항을 준용한다. 이 경우 대항력이 인정되는 법인은 대통령령으로 정한다.<개정 2015. 1. 6.>\n\n③ 「중소기업기본법」 제2조에 따른 중소기업에 해당하는 법인이 소속 직원의 주거용으로 주택을 임차한 후 그 법인이 선정한 직원이 해당 주택을 인도받고 주민등록을 마쳤을 때에는 제1항을 준용한다. 임대차가 끝나기 전에 그 직원이 변경된 경우에는 그 법인이 선정한 새로운 직원이 주택을 인도받고 주민등록을 마친 다음 날부터 제삼자에 대하여 효력이 생긴다.<신설 2013. 8. 13.>\n\n④ 임차주택의 양수인(讓受人)(그 밖에 임대할 권리를 승계한 자를 포함한다)은 임대인(賃貸人)의 지위를 승계한 것으로 본다.<개정 2013. 8. ', '① 제14조에 따라 전세사기피해자로 결정받고자 하는 임차인(자연인에 한정한다. 이하 같다)은 다음 각 호의 요건을 모두 갖추어야 한다. 다만, 경매 또는 공매 절차가 완료된 임차인의 경우에는 제1호 및 제3호의 요건은 제외한다. <개정 2024. 9. 10.>\n\n1. 「주택임대차보호법」 제3조에 따라 주택의 인도와 주민등록을 마치고(이 경우 전입신고를 한 때 주민등록을 한 것으로 본다) 같은 법 제3조의2제2항에 따라 임대차계약증서상의 확정일자(이하 “확정일자”라 한다)를 갖출 것(「주택임대차보호법」 제3조의3에 따른 임차권등기를 마친 경우 또는 「민법」 제303조에 따른 전세권이 설정된 경우도 포함한다)\n\n2. 임차인의 임차보증금이 5억원 이하일 것. 다만, 임차보증금의 상한액은 제6조에 따른 전세사기피해지원위원회가 시ㆍ도별 여건 및 피해자의 여건 등을 고려하여 2억원의 범위에서 상향 조정할 수 있다.\n\n3. 임대인의 파산 또는 회생절차 개시, 임차주택의 경매 또는 공매절차의 개시(국세 또는 지방세의 체납으로 인하여 임차주택이 압류된 경우도 포함한다), 임차인의 집행권원 확보 등에 해당하여 2인 이상의 임차인에게 임차보증금반환채권의 변제를 받지 못하는 피해', '[판례 전문: 원고가 대운산업개발로부터 소유권이전등기를 완료한 직후 임차권의 대항력을 취득하여, 포항서부신협의 근저당권설정등기보다 우선적으로 임차권을 행사할 수 있음을 판결했다.]\n""임차보증금반환·건물인도"" (판례, 2018다44879, 44886)\n\n임차보증금반환·건물인도\n\n[대법원 2019. 3. 28. 2018다44879, 44886]\n【판시사항】\n\n[1] 주택의 소유자는 아니지만 적법한 임대권한을 가진 임대인과 임대차계약을 체결한 경우, 주택임대차보호법 제3조 제1항이 적용되는지 여부(적극) 및 주택에 관한 부동산담보신탁계약을 체결한 위탁자가 수탁자의 동의 없이 임대차계약을 체결하였으나 그 후 수탁자로부터 소유권을 회복한 경우, 임대차계약에 대하여 위 조항이 적용될 수 있는지 여부(적극)\n\n[2] 주택임대차보호법 제3조 제1항에서 규정하고 있는 ‘주민등록’이 대항력의 요건을 충족할 수 있는 공시방법이 되기 위한 요건\n\n[3] 甲 주식회사가 乙 신탁회사와 甲 회사의 소유인 주택에 관하여 부동산담보신탁계약을 체결하고 乙 회사에 신탁을 원인으로 한 소유권이전등기를 마친 후 乙 회사의 승낙 없이 丙과 임대차계약을 체결하였고, 丙은 같은 날 위 주택을 인도받고']","A. 임차권을 주장할 수 있는 가능성이 있습니다.

B. 지금 당장 할 일
1. 등기부등본을 확인하여 소유권 이전등기가 언제 이루어졌는지 확인하세요.
2. 임대차계약서와 전입신고 관련 서류를 준비하세요.
3. 임대인에게 임차권을 주장하는 내용의 서면을 작성하여 전달하세요.
4. 필요시 법률 상담을 통해 추가 조치를 논의하세요.

C. 법적 근거
- 주택임대차보호법 제3조(대항력 등) - 임차인은 주택의 인도와 주민등록을 마친 경우, 제삼자에 대해 효력이 생깁니다.

D. 절차/증빙
- 등기부등본, 임대차계약서, 전입신고서 등의 서류를 준비하여 임대인에게 임차권을 주장할 때 사용하세요.

E. 유사 판례/사례
- 대법원 판례 2018다44879에서는 임차인이 주택의 인도와 주민등록을 마친 경우, 소유권 이전 후에도 임차권을 주장할 수 있음을 인정했습니다.

F. 추가 확인 질문
1. 임대차계약서의 날짜는 언제인가요?
2. 주민등록은 언제 마쳤나요?
3. 소유권 이전등기는 언제 이루어졌나요?
4. 현재 임대인과의 관계는 어떤가요? (예: 연락이 가능한지 등)

답변은 일반적인 법률정보이며, 구체 사건의 법률 자문이 아님을 알려드립니다.","아니요. 새 집주인에게 임차권을 주장하기 어렵습니다.
주택임대차보호법 제3조 제1항에 따르면,
임차인은 주택의 인도와 주민등록을 마친 다음 날부터 제3자에 대하여 임대차의 효력을 주장할 수 있습니다.
즉, 대항력은 전입신고를 한 즉시 발생하는 것이 아니라, 그 다음 날부터 발생합니다.
그런데 질문의 경우처럼
소유권 이전등기가 전입신고보다 먼저 끝난 상태라면,
새 집주인은 임차인이 대항력을 갖추기 이전에 이미 소유권을 취득한 제3자에 해당합니다.
따라서 이 경우 임차인은
새 집주인에게 임차권(계속 거주할 권리 등)을 주장할 수 없습니다
(대항력 발생 시점 -- 주택임대차보호법 제3조 제1항).
대항력의 핵심은 '시점'입니다.
전입신고를 했더라도 그 다음 날 이전에 소유권이 이전되었다면,
새 소유자는 대항력이 발생하기 전의 제3자이므로
임차인은 그에게 임차권을 주장할 수 없습니다.
다만, 임대차를 등기해 두었다면,
그 등기 시점부터 제3자에 대해 임대차의 효력을 주장할 수 있습니다
(임대차 등기의 제3자 효력 -- 민법 제621조 제2항).
하지만 질문의 경우는 전입신고만 있고 임대차 등기가 없는 상태이므로,
이 예외에는 해당하지 않습니다.
핵심 정리:
전입신고 → 다음날 대항력 발생
소유권 이전등기가 전입신고보다 먼저 → 대항력 발생 전 제3자
따라서 새 집주인에게 임차권 주장 불가
📌 법적 근거
주택임대차보호법 제3조 제1항
민법 제621조 제2항",0.9999999999666667,0.8888888888888888,0.93333333332
"계약기간 중 집주인이 바뀌었고, 새 집주인이 나가라고 해요. 저는 누구에게 보증금을 청구해야 하나요?","['① 당사자는 약정한 차임이나 보증금이 임차주택에 관한 조세, 공과금, 그 밖의 부담의 증감이나 경제사정의 변동으로 인하여 적절하지 아니하게 된 때에는 장래에 대하여 그 증감을 청구할 수 있다. 이 경우 증액청구는 임대차계약 또는 약정한 차임이나 보증금의 증액이 있은 후 1년 이내에는 하지 못한다. <개정 2020. 7. 31.>\n\n② 제1항에 따른 증액청구는 약정한 차임이나 보증금의 20분의 1의 금액을 초과하지 못한다. 다만, 특별시ㆍ광역시ㆍ특별자치시ㆍ도 및 특별자치도는 관할 구역 내의 지역별 임대차 시장 여건 등을 고려하여 본문의 범위에서 증액청구의 상한을 조례로 달리 정할 수 있다.<신설 2020. 7. 31.>\n\n[전문개정 2008. 3. 21.]', '① 법 제6조의3제1항 본문에 따라 주택 임대차 가격의 변경 또는 주택 임대차 계약의 해제를 신고하려는 임대차계약당사자는 별지 제5호의4서식의 주택 임대차 계약 변경 신고서(이하 “임대차 변경 신고서”라 한다) 또는 별지 제5호의5서식의 주택 임대차 계약 해제 신고서(이하 “임대차 해제 신고서”라 한다)에 공동으로 서명 또는 날인해 신고관청에 제출해야 한다.\n\n② 임대차계약당사자 중 일방이 신고를 거부해 법 제6조의3제2항에 따라 단독으로 제1항에 따른 신고를 하려는 자는 임대차 변경 신고서 또는 임대차 해제 신고서에 단독으로 서명 또는 날인한 후 다음 각 호의 구분에 따른 서류를 첨부해 신고관청에 제출해야 한다. 이 경우 신고관청은 단독신고 사유에 해당하는지를 확인해야 한다.\n\n1. 변경 신고의 경우: 단독신고사유서와 주택 임대차 변경 계약서 또는 임대차 가격이 변경된 사실을 입증할 수 있는 서류 등\n\n2. 해제 신고의 경우 : 단독신고사유서와 주택 임대차 계약 해제 합의서 또는 주택 임대차 계약이 해제된 사실을 입증할 수 있는 서류 등\n\n③ 제1항 및 제2항에 따라 신고를 받은 신고관청은 신고 사항의 누락 여부 등을 확인한 후 지체 없이 변경 사항을 반영', '①임차인이 파산선고를 받은 경우에는 임대차기간의 약정이 있는 때에도 임대인 또는 파산관재인은 제635조의 규정에 의하여 계약해지의 통고를 할 수 있다.\n\n②전항의 경우에 각 당사자는 상대방에 대하여 계약해지로 인하여 생긴 손해의 배상을 청구하지 못한다.']","A. 결론: 새 임대인에게 임대차보증금을 청구해야 합니다.

B. 지금 당장 할 일:
1. 임대차계약서 및 관련 서류를 확인하세요.
2. 새 임대인에게 임대차보증금 반환을 요청하는 내용증명을 보내세요.
3. 이전 임대인과의 계약 관계를 확인하고, 필요한 경우 연락하세요.
4. 임대차계약의 변경 사항을 신고관청에 신고하세요.
5. 필요시 법률 상담을 받으세요.

C. 법적 근거:
- 민법 제637조(임차인의 파산과 해지통고) - 임대차계약의 당사자가 변경되었더라도, 새 임대인은 기존 계약의 조건을 승계합니다.
- 주택임대차보호법 제6조(임대차계약의 변경) - 임대차계약의 변경 사항은 신고해야 합니다.

D. 절차/증빙:
- 내용증명 발송 시, 임대차계약서 사본과 보증금 지급 증빙 서류를 첨부하세요.
- 신고관청에 변경 신고 시, 계약서 및 변경 사유를 명시한 서류를 제출해야 합니다.

E. 유사 판례/사례:
- 판례 22나72946 - 임대인 지위가 적법하게 이전된 경우, 새 임대인이 임대차계약의 조건을 승계하여 보증금 반환 의무가 발생함.

F. 추가 확인 질문:
1. 새 임대인과의 계약서에 어떤 내용이 명시되어 있나요?
2. 이전 임대인과의 계약 종료일은 언제인가요?
3. 새 임대인이 보증금 반환을 거부하는 이유는 무엇인가요? 

답변은 일반적인 법률정보이며, 구체 사건의 법률 자문이 아님을 알려드립니다.","원칙적으로 새 집주인에게 보증금을 청구해야 합니다.
주택임대차보호법 제3조 제1항에 따르면,
임차인이 주택의 인도와 주민등록을 마쳐 대항력을 갖춘 상태라면,
그 이후에 주택을 매수한 새 집주인에게도 임대차의 효력을 주장할 수 있습니다.
즉, 임대차관계는 종전 집주인 개인에게만 묶여 있는 것이 아니라,
주택 소유권과 결합된 상태로 새 집주인에게 이전됩니다.
이 경우 보증금 반환의무 역시 함께 이전됩니다.
주택임대차보호법 제3조 제4항에 따르면,
임차주택의 양수인(그 밖에 임대할 권리를 승계한 자를 포함한다)은
임대인의 지위를 승계한 것으로 본다고 명확히 규정하고 있습니다.
이는 주택 소유권을 취득한 새 집주인이
법률상 당연히 종전 임대인의 지위와 의무를 승계한다는 의미이며,
보증금 반환의무도 이에 포함됩니다.
따라서 계약기간 중 집주인이 바뀌었고,
임차인이 대항력을 갖춘 상태라면,
임차인은 종전 집주인이 아니라 새 집주인에게 보증금 반환을 청구해야 합니다.
반대로, 임차인이 대항력을 갖추지 못한 상태에서
주택 소유권이 이전된 경우에는
임대차관계 자체를 새 집주인에게 주장할 수 없으므로,
이 경우에는 종전 집주인에게만 보증금을 청구해야 합니다.
핵심 정리:
대항력 있음 → 새 집주인이 임대인 지위 승계 → 새 집주인에게 청구
대항력 없음 → 새 집주인에게 대항 불가 → 종전 집주인에게 청구
📌 법적 근거
주택임대차보호법 제3조 제1항
주택임대차보호법 제3조 제4항",0.9999999999666667,,
"집이 경매로 넘어갔는데, 국세 체납으로 압류가 먼저 걸려 있었다고 합니다. 세금과 제 보증금 중 뭐가 먼저 가져가나요?","['① 임차인(제3조제2항 및 제3항의 법인을 포함한다. 이하 같다)이 임차주택에 대하여 보증금반환청구소송의 확정판결이나 그 밖에 이에 준하는 집행권원(執行權原)에 따라서 경매를 신청하는 경우에는 집행개시(執行開始)요건에 관한 「민사집행법」 제41조에도 불구하고 반대의무(反對義務)의 이행이나 이행의 제공을 집행개시의 요건으로 하지 아니한다. <개정 2013. 8. 13.>\n\n② 제3조제1항ㆍ제2항 또는 제3항의 대항요건(對抗要件)과 임대차계약증서(제3조제2항 및 제3항의 경우에는 법인과 임대인 사이의 임대차계약증서를 말한다)상의 확정일자(確定日字)를 갖춘 임차인은 「민사집행법」에 따른 경매 또는 「국세징수법」에 따른 공매(公賣)를 할 때에 임차주택(대지를 포함한다)의 환가대금(換價代金)에서 후순위권리자(後順位權利者)나 그 밖의 채권자보다 우선하여 보증금을 변제(辨濟)받을 권리가 있다.<개정 2013. 8. 13.>\n\n③ 임차인은 임차주택을 양수인에게 인도하지 아니하면 제2항에 따른 보증금을 받을 수 없다.\n\n④ 제2항 또는 제7항에 따른 우선변제의 순위와 보증금에 대하여 이의가 있는 이해관계인은 경매법원이나 체납처분청에 이의를 신청할 수 있다.<개정 2013. ', '① 지방자치단체의 장은 지방세의 체납처분 또는 경매 절차 등을 통하여 임대인의 지방세(가산금을 포함한다. 이하 이 조에서 같다)를 징수하려 할 때 다음 각 호의 요건을 모두 충족하는 경우에는 해당 임대인의 지방세를 「지방세기본법」 제71조제1항에도 불구하고 대통령령으로 정하는 기준에 따라 해당 임대인이 보유한 모든 주택에 각각의 가격비율에 따라 안분하여 징수할 수 있다. 이 경우 안분된 지방세의 우선권은 「지방세기본법」에 따른다.\n\n1. 임대인이 2개 이상의 주택을 보유하고 있을 것\n\n2. 제1호의 주택의 전부 또는 일부에 대하여 전세사기피해자 또는 제2조제4호나목에 따른 임차인의 임차권에 의하여 담보된 임차보증금반환채권 또는 「주택임대차보호법」 제2조에 따른 주거용 건물에 설정된 전세권에 의하여 담보된 채권보다 우선징수가 가능한 지방세가 존재할 것\n\n3. 전세사기피해자 또는 제2조제4호나목에 따른 임차인의 제3항에 따른 안분 적용 신청이 있을 것\n\n② 제1항에 따라 안분하는 지방세에는 체납처분 대상 주택에 대하여 부과된 다음 각 호의 지방세는 제외한다.\n\n1. 재산세\n\n2. 지역자원시설세(소방분에 대한 지역자원시설세만 해당한다)\n\n3. 지방교육세(재산세에 ', '① 관할 세무서장은 국세의 강제징수 또는 경매 절차 등을 통하여 임대인의 국세를 징수하려 할 때 다음 각 호의 요건을 모두 충족하는 경우에는 해당 임대인의 국세를 「국세기본법」 제35조제1항에도 불구하고 대통령령으로 정하는 기준에 따라 해당 임대인이 보유한 모든 주택에 각각의 가격비율에 따라 안분하여 징수할 수 있다. 이 경우 안분된 국세의 우선권은 「국세기본법」에 따른다.\n\n1. 임대인이 2개 이상의 주택을 보유하고 있을 것\n\n2. 제1호의 주택의 전부 또는 일부에 대하여 전세사기피해자 또는 제2조제4호나목에 따른 임차인의 임차권에 의하여 담보된 임차보증금반환채권 또는 「주택임대차보호법」 제2조에 따른 주거용 건물에 설정된 전세권에 의하여 담보된 채권보다 우선징수가 가능한 국세가 존재할 것\n\n3. 전세사기피해자 또는 제2조제4호나목에 따른 임차인의 제3항에 따른 안분 적용 신청이 있을 것\n\n② 제1항에 따라 안분하는 국세에는 「국세기본법」 제35조제3항에 따른 해당 재산에 대하여 부과된 국세는 제외한다.\n\n③ 제1항에 따른 국세의 안분을 적용받으려는 전세사기피해자 또는 제2조제4호나목에 따른 임차인은 관할 세무서장, 경매 등을 주관하는 법원 또는 공매를 대']","A. 결론적으로, 임대차보증금이 국세 체납에 대한 우선변제권보다 우선합니다.

B. 지금 당장 할 일:
   - 경매 절차에 대한 정보 확인
   - 임대차계약서 및 보증금 관련 서류 준비
   - 국세 체납 여부 및 가압류 사실 확인
   - 법률 상담을 통해 구체적인 대응 방안 모색

C. 법적 근거:
   - 주택임대차보호법 제3조의2(보증금의 회수) - 임차인은 보증금을 우선적으로 변제받을 권리가 있습니다.
   - 전세사기피해자 지원 및 주거안정에 관한 특별법 제23조(국세의 우선 징수에 대한 특례) - 국세 체납에 대한 우선징수 규정이 있지만, 임대차보증금은 우선변제권이 있습니다.

D. 절차/증빙:
   - 경매법원에 임대차보증금 우선변제권 주장
   - 관련 서류(임대차계약서, 보증금 지급 증명서 등) 제출
   - 국세청에 체납 사실 확인 요청

E. 유사 판례/사례:
   - 대법원 판례 07다17475 - 임차인이 보증금을 최우선 변제받기 위해서는 대항요건을 갖추어야 하며, 이는 경매 개시 이후에도 유지되어야 한다고 판시했습니다.

F. 추가 확인 질문:
   1. 임대차계약서에 명시된 보증금 액수는 얼마인가요?
   2. 현재 경매 절차는 어떤 단계에 있나요?
   3. 국세 체납의 구체적인 내용(금액, 체납 기간 등)은 무엇인가요?
   4. 임차권 등기 여부는 확인하셨나요? 

이 정보는 일반적인 법률정보이며, 구체적인 사건에 대한 법률 자문이 아님을 알려드립니다.","상황에 따라 달라지며,
항상 임차인의 보증금이 먼저 보호되는 것은 아닙니다.
먼저, 주택임대차보호법 제8조 제1항에 따르면,
임차인이 법에서 정한 요건을 갖춘 소액임차인에 해당하는 경우,
주택이 경매로 매각되더라도
보증금 중 일정 금액은 다른 채권자보다 우선하여 변제받을 수 있습니다.
이를 흔히 최우선변제권이라고 합니다.
그러나 이 최우선변제권도
모든 채권에 무조건 우선하는 것은 아닙니다.
국세기본법 제35조 제1항에 따르면,
국세 및 강제징수비는 원칙적으로
다른 공과금이나 그 밖의 채권보다 우선하여 징수됩니다.
다만 같은 조 제1항은,
법에서 정한 우선변제권이나 담보권이 먼저 성립한 경우에는
그 권리가 국세보다 우선할 수 있음을 전제로 하고 있습니다.
이를 종합하면,
임차인의 최우선변제권이 성립한 후에
국세에 대한 우선권이 문제 되는 경우에는
→ 임차인은 법에서 정한 한도 내 보증금을
국세보다 먼저 배당받을 수 있습니다.
반대로,
국세의 우선권이 문제 되는 시점에
임차인의 최우선변제 요건이 충족되지 않은 경우에는
→ 국세가 먼저 징수되고,
임차인은 그 다음 순위에서 배당을 받게 됩니다.
즉 경매에서
“국세 체납이 있다”는 사실만으로
항상 세금이 먼저 가져가거나,
반대로 항상 임차인의 보증금이 먼저 보호되는 것은 아니며,
주택임대차보호법상 최우선변제 요건을 갖추었는지 여부와
국세기본법상 국세 우선 규정의 적용 관계를 함께 따져
배당 순위가 결정됩니다.
📌 법적 근거
주택임대차보호법 제8조 제1항
국세기본법 제35조 제1항",0.9999999999666667,,
"보증금 반환을 못 받아서 소송하려는데, 조정보다 바로 소송이 유리한 경우도 있나요?","['임차인이 임대인에 대하여 제기하는 보증금반환청구소송에 관하여는 「소액사건심판법」 제6조, 제7조, 제10조 및 제11조의2를 준용한다.\n\n[전문개정 2008. 3. 21.]', '① 제14조에 따라 전세사기피해자로 결정받고자 하는 임차인(자연인에 한정한다. 이하 같다)은 다음 각 호의 요건을 모두 갖추어야 한다. 다만, 경매 또는 공매 절차가 완료된 임차인의 경우에는 제1호 및 제3호의 요건은 제외한다. <개정 2024. 9. 10.>\n\n1. 「주택임대차보호법」 제3조에 따라 주택의 인도와 주민등록을 마치고(이 경우 전입신고를 한 때 주민등록을 한 것으로 본다) 같은 법 제3조의2제2항에 따라 임대차계약증서상의 확정일자(이하 “확정일자”라 한다)를 갖출 것(「주택임대차보호법」 제3조의3에 따른 임차권등기를 마친 경우 또는 「민법」 제303조에 따른 전세권이 설정된 경우도 포함한다)\n\n2. 임차인의 임차보증금이 5억원 이하일 것. 다만, 임차보증금의 상한액은 제6조에 따른 전세사기피해지원위원회가 시ㆍ도별 여건 및 피해자의 여건 등을 고려하여 2억원의 범위에서 상향 조정할 수 있다.\n\n3. 임대인의 파산 또는 회생절차 개시, 임차주택의 경매 또는 공매절차의 개시(국세 또는 지방세의 체납으로 인하여 임차주택이 압류된 경우도 포함한다), 임차인의 집행권원 확보 등에 해당하여 2인 이상의 임차인에게 임차보증금반환채권의 변제를 받지 못하는 피해', '① 임차인(제3조제2항 및 제3항의 법인을 포함한다. 이하 같다)이 임차주택에 대하여 보증금반환청구소송의 확정판결이나 그 밖에 이에 준하는 집행권원(執行權原)에 따라서 경매를 신청하는 경우에는 집행개시(執行開始)요건에 관한 「민사집행법」 제41조에도 불구하고 반대의무(反對義務)의 이행이나 이행의 제공을 집행개시의 요건으로 하지 아니한다. <개정 2013. 8. 13.>\n\n② 제3조제1항ㆍ제2항 또는 제3항의 대항요건(對抗要件)과 임대차계약증서(제3조제2항 및 제3항의 경우에는 법인과 임대인 사이의 임대차계약증서를 말한다)상의 확정일자(確定日字)를 갖춘 임차인은 「민사집행법」에 따른 경매 또는 「국세징수법」에 따른 공매(公賣)를 할 때에 임차주택(대지를 포함한다)의 환가대금(換價代金)에서 후순위권리자(後順位權利者)나 그 밖의 채권자보다 우선하여 보증금을 변제(辨濟)받을 권리가 있다.<개정 2013. 8. 13.>\n\n③ 임차인은 임차주택을 양수인에게 인도하지 아니하면 제2항에 따른 보증금을 받을 수 없다.\n\n④ 제2항 또는 제7항에 따른 우선변제의 순위와 보증금에 대하여 이의가 있는 이해관계인은 경매법원이나 체납처분청에 이의를 신청할 수 있다.<개정 2013. ']","A. 결론: 보증금 반환 소송을 바로 진행하는 것이 유리할 수 있습니다.

B. 지금 당장 할 일:
1. 임대차 계약서 및 관련 서류를 준비하세요.
2. 보증금 반환 청구 소송을 위한 법원에 소송을 제기하세요.
3. 소송에 필요한 증거(전입신고, 확정일자 등)를 확보하세요.
4. 소송 대리인을 선임하거나 법률 상담을 받으세요.
5. 소송 진행 중에는 임대인과의 연락을 기록하세요.

C. 법적 근거:
- 주택임대차보호법 제13조(소액사건심판법의 준용) - 임차인이 임대인에 대해 보증금 반환 청구 소송을 제기할 수 있습니다.
- 주택임대차보호법 제3조(대항력) - 임차인은 전입신고와 확정일자를 통해 대항력을 가집니다.

D. 절차/증빙:
- 소송을 제기할 법원: 임대차 계약이 체결된 지역의 지방법원.
- 필요한 서류: 임대차 계약서, 전입신고서, 확정일자 증명서, 보증금 미반환 관련 증거.
- 소송 비용: 법원에 따라 다르므로 사전에 확인하세요.

E. 유사 판례/사례:
- 대법원 판례 2017다226629: 임대인이 계약 해지 시 보증금 반환 의무를 인정한 사례.
- 서울중앙지방법원 판례 2022가단5265355: 보증금 반환 청구 소송에서 임차인의 권리를 인정한 사례.

F. 추가 확인 질문:
1. 임대차 계약서의 확정일자는 언제인가요?
2. 전입신고는 완료되었나요?
3. 임대인과의 연락 기록이 있나요?
4. 소송을 위한 법률 상담을 받으셨나요?

이 정보는 일반적인 법률정보이며, 구체적인 사건에 대한 법률 자문이 아닙니다.","네, 조정보다 바로 소송을 선택하는 것이 유리한 경우도 분명히 있습니다.
주택임대차보호법 제21조 제1항에 따르면,
보증금 반환 분쟁은 주택임대차분쟁조정위원회를 통해 조정으로 해결할 수 있도록 규정되어 있습니다.
다만 이는 의무 절차가 아니라 선택 절차로,
임차인이 반드시 조정을 거쳐야만 소송을 제기할 수 있는 것은 아닙니다.
조정은 분쟁을 신속하고 비용 부담 없이 해결할 수 있다는 장점이 있지만,
상대방(임대인)이 조정에 응하지 않거나 조정안을 이행하지 않을 가능성이 높은 경우에는
실질적인 해결로 이어지지 않을 수 있습니다.
이와 달리 소송을 제기하면,
민법 제623조에 따라 임대인은 임차인에게 보증금을 반환할 의무가 있고,
법원의 판결을 통해 강제집행이 가능한 집행권원을 바로 확보할 수 있습니다.
또한 민사소송절차에서는
가압류·가처분 등 보전처분을 통해
임대인의 재산을 미리 확보하거나 처분을 막을 수 있는 수단이 있으므로,
임대인이 재산을 빼돌릴 우려가 있는 경우에는
조정보다 소송이 실질적으로 더 유리할 수 있습니다
(민사집행 및 보전절차의 일반 원리).
따라서
임대인이 조정에 응할 가능성이 낮거나
이미 연락이 두절되었거나
임대인의 재산 은닉·처분 위험이 있는 경우에는
조정을 거치기보다 곧바로 소송을 제기하는 것이 더 효과적인 선택이 될 수 있습니다.
📌 법적 근거
주택임대차보호법 제21조 제1항
민법 제623조",0.9999999999666667,,
"계약서에 위약금 조항이 있는데, 제가 중도해지하면 무조건 민사상 손해배상을 해야 하나요?","['① 임차인(제3조제2항 및 제3항의 법인을 포함한다. 이하 같다)이 임차주택에 대하여 보증금반환청구소송의 확정판결이나 그 밖에 이에 준하는 집행권원(執行權原)에 따라서 경매를 신청하는 경우에는 집행개시(執行開始)요건에 관한 「민사집행법」 제41조에도 불구하고 반대의무(反對義務)의 이행이나 이행의 제공을 집행개시의 요건으로 하지 아니한다. <개정 2013. 8. 13.>\n\n② 제3조제1항ㆍ제2항 또는 제3항의 대항요건(對抗要件)과 임대차계약증서(제3조제2항 및 제3항의 경우에는 법인과 임대인 사이의 임대차계약증서를 말한다)상의 확정일자(確定日字)를 갖춘 임차인은 「민사집행법」에 따른 경매 또는 「국세징수법」에 따른 공매(公賣)를 할 때에 임차주택(대지를 포함한다)의 환가대금(換價代金)에서 후순위권리자(後順位權利者)나 그 밖의 채권자보다 우선하여 보증금을 변제(辨濟)받을 권리가 있다.<개정 2013. 8. 13.>\n\n③ 임차인은 임차주택을 양수인에게 인도하지 아니하면 제2항에 따른 보증금을 받을 수 없다.\n\n④ 제2항 또는 제7항에 따른 우선변제의 순위와 보증금에 대하여 이의가 있는 이해관계인은 경매법원이나 체납처분청에 이의를 신청할 수 있다.<개정 2013. ', '① 당사자는 약정한 차임이나 보증금이 임차주택에 관한 조세, 공과금, 그 밖의 부담의 증감이나 경제사정의 변동으로 인하여 적절하지 아니하게 된 때에는 장래에 대하여 그 증감을 청구할 수 있다. 이 경우 증액청구는 임대차계약 또는 약정한 차임이나 보증금의 증액이 있은 후 1년 이내에는 하지 못한다. <개정 2020. 7. 31.>\n\n② 제1항에 따른 증액청구는 약정한 차임이나 보증금의 20분의 1의 금액을 초과하지 못한다. 다만, 특별시ㆍ광역시ㆍ특별자치시ㆍ도 및 특별자치도는 관할 구역 내의 지역별 임대차 시장 여건 등을 고려하여 본문의 범위에서 증액청구의 상한을 조례로 달리 정할 수 있다.<신설 2020. 7. 31.>\n\n[전문개정 2008. 3. 21.]', '① 법 제6조의2제1항 본문에서 “그 보증금 또는 차임 등 국토교통부령으로 정하는 사항”이란 다음 각 호의 사항을 말한다. <개정 2023. 12. 29.>\n\n1. 임대차계약당사자의 인적사항\n\n가. 자연인인 경우: 성명, 주소, 주민등록번호(외국인인 경우에는 외국인등록번호를 말한다) 및 연락처\n\n나. 법인인 경우: 법인명, 사무소 소재지, 법인등록번호 및 연락처\n\n다. 법인 아닌 단체인 경우: 단체명, 소재지, 고유번호 및 연락처\n\n2. 임대차 목적물(주택을 취득할 수 있는 권리에 관한 계약인 경우에는 그 권리의 대상인 주택을 말한다)의 소재지, 종류, 임대 면적 등 임대차 목적물 현황\n\n3. 보증금 또는 월 차임\n\n4. 계약 체결일 및 계약 기간\n\n5. 「주택임대차보호법」 제6조의3에 따른 계약갱신요구권의 행사 여부(계약을 갱신한 경우만 해당한다)\n\n6. 해당 주택 임대차 계약을 중개한 개업공인중개사의 사무소 명칭, 사무소 소재지, 대표자 성명, 등록번호, 전화번호 및 소속공인중개사 성명\n\n② 법 제6조의2제1항에 따라 주택 임대차 계약을 신고하려는 임대차계약당사자는 별지 제5호의2서식의 주택 임대차 계약 신고서(이하 “임대차 신고서”라 한다)에 공동으로 ']","A. 계약 해지 시 무조건 민사소송을 해야 하는 것은 아닙니다.

B. 지금 당장 할 일:
1. 계약서의 위약금 조항을 정확히 확인하세요.
2. 계약 해지 사유를 명확히 정리하세요.
3. 임대인과의 대화를 통해 합의 가능성을 타진해 보세요.
4. 필요시 법률 상담을 받아보세요.
5. 계약 해지 통지를 서면으로 준비하세요.

C. 법적 근거:
- 주택임대차보호법 제3조의2(보증금의 회수) - 임차인은 보증금 반환을 청구할 수 있습니다.
- 계약서의 위약금 조항에 따라 손해배상 청구가 가능할 수 있습니다.

D. 절차/증빙:
- 계약 해지 통지서 작성 및 발송.
- 계약서 사본, 위약금 조항 관련 문서 보관.
- 대화 내용 기록 및 증거 확보.

E. 유사 판례/사례:
- 위약금 조항이 있는 경우, 계약 해지 시 손해배상 청구가 가능하나, 실제 소송 여부는 상황에 따라 다름.

F. 추가 확인 질문:
1. 계약서의 위약금 조항은 어떤 내용을 포함하고 있나요?
2. 계약 해지 사유는 무엇인가요?
3. 임대인과의 대화에서 어떤 반응이 있었나요?
4. 계약 해지 통지를 이미 하셨나요? 

답변은 일반적인 법률정보이며, 구체 사건의 법률 자문이 아님을 알려드립니다.","아니요. 계약서에 위약금 조항이 있다고 해서 중도해지 시 무조건 손해배상을 해야 하는 것은 아닙니다.
해당 조항이 주택임대차보호법의 강행규정에 반하는지, 그리고 민법상 유효한 손해배상 약정인지를 나누어 판단해야 합니다.
먼저 주택임대차보호법 제10조에 따르면,
이 법의 규정에 위반되어 임차인에게 불리한 약정은 효력이 없습니다.
따라서 임차인에게 법에서 보장한 해지권이나 갱신권을 사실상 박탈하거나,
이를 행사했다는 이유만으로 일률적·과도한 위약금을 부과하는 조항은
강행규정 위반으로 무효가 될 수 있습니다.
다만 모든 위약금 조항이 곧바로 무효가 되는 것은 아닙니다.
민법 제398조 제1항에 따르면,
당사자는 채무불이행에 대비하여 손해배상액을 미리 약정할 수 있고,
임대차계약에서도 일정한 범위 내의 위약금 약정은 허용됩니다.
그러나 같은 조 제2항에 따라,
약정된 손해배상액이 부당히 과다한 경우에는 법원이 이를 감액할 수 있습니다.
즉, 임대인이 실제로 입은 손해와 무관하게
잔여 기간 전체의 월세나 보증금 상당액을 위약금으로 청구하는 경우에는
그 전부가 인정되지 않을 수 있습니다.
정리하면,
주택임대차보호법상 임차인의 권리를 제한하거나 제재하는 위약금 조항 → 무효 가능
민법상 허용되는 범위의 손해배상 예정 → 원칙적으로 유효하나, 과다하면 감액 가능
따라서 중도해지 시
“계약서에 써 있으니 무조건 위약금을 내야 한다”고 단정할 수 없고,
해당 위약금 조항이 강행규정 위반인지,
또는 과다한 손해배상 예정에 해당하는지를 구체적으로 따져봐야 합니다.
📌 법적 근거
주택임대차보호법 제10조
민법 제398조 제1항·제2항",0.9999999999666667,1.0,0.9999999999866667
"임대인이 보증금을 안 돌려줘서 제가 일부러 전입신고를 유지하고 있는데, 다른 집으로 전입신고를 하면 제 임차인 권리는 어떻게 되나요?","['① 임차인(제3조제2항 및 제3항의 법인을 포함한다. 이하 같다)이 임차주택에 대하여 보증금반환청구소송의 확정판결이나 그 밖에 이에 준하는 집행권원(執行權原)에 따라서 경매를 신청하는 경우에는 집행개시(執行開始)요건에 관한 「민사집행법」 제41조에도 불구하고 반대의무(反對義務)의 이행이나 이행의 제공을 집행개시의 요건으로 하지 아니한다. <개정 2013. 8. 13.>\n\n② 제3조제1항ㆍ제2항 또는 제3항의 대항요건(對抗要件)과 임대차계약증서(제3조제2항 및 제3항의 경우에는 법인과 임대인 사이의 임대차계약증서를 말한다)상의 확정일자(確定日字)를 갖춘 임차인은 「민사집행법」에 따른 경매 또는 「국세징수법」에 따른 공매(公賣)를 할 때에 임차주택(대지를 포함한다)의 환가대금(換價代金)에서 후순위권리자(後順位權利者)나 그 밖의 채권자보다 우선하여 보증금을 변제(辨濟)받을 권리가 있다.<개정 2013. 8. 13.>\n\n③ 임차인은 임차주택을 양수인에게 인도하지 아니하면 제2항에 따른 보증금을 받을 수 없다.\n\n④ 제2항 또는 제7항에 따른 우선변제의 순위와 보증금에 대하여 이의가 있는 이해관계인은 경매법원이나 체납처분청에 이의를 신청할 수 있다.<개정 2013. ', '① 제14조에 따라 전세사기피해자로 결정받고자 하는 임차인(자연인에 한정한다. 이하 같다)은 다음 각 호의 요건을 모두 갖추어야 한다. 다만, 경매 또는 공매 절차가 완료된 임차인의 경우에는 제1호 및 제3호의 요건은 제외한다. <개정 2024. 9. 10.>\n\n1. 「주택임대차보호법」 제3조에 따라 주택의 인도와 주민등록을 마치고(이 경우 전입신고를 한 때 주민등록을 한 것으로 본다) 같은 법 제3조의2제2항에 따라 임대차계약증서상의 확정일자(이하 “확정일자”라 한다)를 갖출 것(「주택임대차보호법」 제3조의3에 따른 임차권등기를 마친 경우 또는 「민법」 제303조에 따른 전세권이 설정된 경우도 포함한다)\n\n2. 임차인의 임차보증금이 5억원 이하일 것. 다만, 임차보증금의 상한액은 제6조에 따른 전세사기피해지원위원회가 시ㆍ도별 여건 및 피해자의 여건 등을 고려하여 2억원의 범위에서 상향 조정할 수 있다.\n\n3. 임대인의 파산 또는 회생절차 개시, 임차주택의 경매 또는 공매절차의 개시(국세 또는 지방세의 체납으로 인하여 임차주택이 압류된 경우도 포함한다), 임차인의 집행권원 확보 등에 해당하여 2인 이상의 임차인에게 임차보증금반환채권의 변제를 받지 못하는 피해', '임차권은 임차주택에 대하여 「민사집행법」에 따른 경매가 행하여진 경우에는 그 임차주택의 경락(競落)에 따라 소멸한다. 다만, 보증금이 모두 변제되지 아니한, 대항력이 있는 임차권은 그러하지 아니하다.\n\n[전문개정 2008. 3. 21.]']","A. 결론적으로, 다른 임차주택으로 주민등록을 이전하면 현재 임차주택에 대한 임차인 권리가 소멸할 수 있습니다.

B. 지금 당장 할 일:
1. 현재 임차주택의 주민등록을 유지하세요.
2. 임대인에게 보증금 반환을 요구하는 내용증명을 보내세요.
3. 임차권등기명령을 신청할 준비를 하세요.
4. 법률 상담을 통해 구체적인 상황을 설명하고 조언을 받으세요.
5. 다른 임차주택으로의 주민등록 이전을 신중히 고려하세요.

C. 법적 근거:
- 주택임대차보호법 제3조 제1항 - 임차인은 주택을 인도받고 주민등록을 마쳐야 대항력을 갖습니다.
- 주택임대차보호법 제8조 - 임차인은 주민등록을 유지해야 보증금의 최우선 변제를 받을 수 있습니다.

D. 절차/증빙:
- 주민등록을 유지하기 위해 현재 임차주택에 계속 거주해야 합니다.
- 보증금 반환을 위한 내용증명은 우편으로 발송하고, 발송 영수증을 보관하세요.
- 임차권등기명령 신청 시, 임대차계약서와 주민등록증 사본을 준비하세요.

E. 유사 판례/사례:
- 대법원 판례에 따르면, 임차인이 주민등록을 이전하면 대항력을 상실하게 되어 보증금 반환 청구에 불리할 수 있습니다.

F. 추가 확인 질문:
1. 현재 임차주택의 주민등록은 언제까지 유지하고 있나요?
2. 임대인과의 보증금 반환에 대한 대화는 있었나요?
3. 다른 임차주택으로의 주민등록 이전을 고려하는 이유는 무엇인가요?","다른 집으로 전입신고를 하면,
기존 주택에 대한 대항력을 상실하게 되어 임차인으로서의 보호가 약화됩니다.
주택임대차보호법 제3조 제1항에 따르면,
임차인은 주택의 인도와 주민등록을 마친 다음 날부터
제3자에 대하여 임대차의 효력을 주장할 수 있습니다.
즉, 대항력은 해당 주택에 대한 주민등록이 계속 유지되는 것을 전제로 합니다.
따라서 보증금을 반환받지 못한 상태에서
임차인이 다른 주택으로 전입신고를 하게 되면,
종전 주택에 대한 주민등록 요건이 충족되지 않게 되어
그 주택에 대한 대항력이 상실됩니다.
대항력이 상실되면,
그 이후 주택이 매매되거나 경매로 넘어가는 경우
임차인은 새로운 소유자나 매수인에게
임차권이나 보증금 반환을 주장하기 어려워질 수 있습니다.
결국 보증금을 돌려받지 못한 상태에서
아무런 조치 없이 전입신고를 다른 곳으로 옮기는 것은,
주택임대차보호법이 부여하는 보호를 스스로 포기하는 결과가 될 수 있습니다.
📌 법적 근거
주택임대차보호법 제3조 제1항",0.9999999999666667,1.0,0.9999999999866667
"확정일자는 받았는데, 임대인이 같은 집에 다른 임차인과 이중으로 계약을 했어요. 경매 시 보증금 순위는 어떻게 정해지나요?","['① 제3조의2제2항의 확정일자는 주택 소재지의 읍ㆍ면사무소, 동 주민센터 또는 시(특별시ㆍ광역시ㆍ특별자치시는 제외하고, 특별자치도는 포함한다)ㆍ군ㆍ구(자치구를 말한다)의 출장소, 지방법원 및 그 지원과 등기소 또는 「공증인법」에 따른 공증인(이하 이 조에서 “확정일자부여기관”이라 한다)이 부여한다.\n\n② 확정일자부여기관은 해당 주택의 소재지, 확정일자 부여일, 차임 및 보증금 등을 기재한 확정일자부를 작성하여야 한다. 이 경우 전산처리정보조직을 이용할 수 있다.\n\n③ 주택의 임대차에 이해관계가 있는 자는 확정일자부여기관에 해당 주택의 확정일자 부여일, 차임 및 보증금 등 정보의 제공을 요청할 수 있다. 이 경우 요청을 받은 확정일자부여기관은 정당한 사유 없이 이를 거부할 수 없다.\n\n④ 임대차계약을 체결하려는 자는 임대인의 동의를 받아 확정일자부여기관에 제3항에 따른 정보제공을 요청할 수 있다.\n\n⑤ 제1항ㆍ제3항 또는 제4항에 따라 확정일자를 부여받거나 정보를 제공받으려는 자는 수수료를 내야 한다.\n\n⑥ 확정일자부에 기재하여야 할 사항, 주택의 임대차에 이해관계가 있는 자의 범위, 확정일자부여기관에 요청할 수 있는 정보의 범위 및 수수료, 그 밖에 확정일자', '① 임차인(제3조제2항 및 제3항의 법인을 포함한다. 이하 같다)이 임차주택에 대하여 보증금반환청구소송의 확정판결이나 그 밖에 이에 준하는 집행권원(執行權原)에 따라서 경매를 신청하는 경우에는 집행개시(執行開始)요건에 관한 「민사집행법」 제41조에도 불구하고 반대의무(反對義務)의 이행이나 이행의 제공을 집행개시의 요건으로 하지 아니한다. <개정 2013. 8. 13.>\n\n② 제3조제1항ㆍ제2항 또는 제3항의 대항요건(對抗要件)과 임대차계약증서(제3조제2항 및 제3항의 경우에는 법인과 임대인 사이의 임대차계약증서를 말한다)상의 확정일자(確定日字)를 갖춘 임차인은 「민사집행법」에 따른 경매 또는 「국세징수법」에 따른 공매(公賣)를 할 때에 임차주택(대지를 포함한다)의 환가대금(換價代金)에서 후순위권리자(後順位權利者)나 그 밖의 채권자보다 우선하여 보증금을 변제(辨濟)받을 권리가 있다.<개정 2013. 8. 13.>\n\n③ 임차인은 임차주택을 양수인에게 인도하지 아니하면 제2항에 따른 보증금을 받을 수 없다.\n\n④ 제2항 또는 제7항에 따른 우선변제의 순위와 보증금에 대하여 이의가 있는 이해관계인은 경매법원이나 체납처분청에 이의를 신청할 수 있다.<개정 2013. ', '① 제14조에 따라 전세사기피해자로 결정받고자 하는 임차인(자연인에 한정한다. 이하 같다)은 다음 각 호의 요건을 모두 갖추어야 한다. 다만, 경매 또는 공매 절차가 완료된 임차인의 경우에는 제1호 및 제3호의 요건은 제외한다. <개정 2024. 9. 10.>\n\n1. 「주택임대차보호법」 제3조에 따라 주택의 인도와 주민등록을 마치고(이 경우 전입신고를 한 때 주민등록을 한 것으로 본다) 같은 법 제3조의2제2항에 따라 임대차계약증서상의 확정일자(이하 “확정일자”라 한다)를 갖출 것(「주택임대차보호법」 제3조의3에 따른 임차권등기를 마친 경우 또는 「민법」 제303조에 따른 전세권이 설정된 경우도 포함한다)\n\n2. 임차인의 임차보증금이 5억원 이하일 것. 다만, 임차보증금의 상한액은 제6조에 따른 전세사기피해지원위원회가 시ㆍ도별 여건 및 피해자의 여건 등을 고려하여 2억원의 범위에서 상향 조정할 수 있다.\n\n3. 임대인의 파산 또는 회생절차 개시, 임차주택의 경매 또는 공매절차의 개시(국세 또는 지방세의 체납으로 인하여 임차주택이 압류된 경우도 포함한다), 임차인의 집행권원 확보 등에 해당하여 2인 이상의 임차인에게 임차보증금반환채권의 변제를 받지 못하는 피해']","A. 확정일자를 받은 임차인은 우선변제권을 행사할 수 있습니다.

B. 지금 당장 할 일
   - 임대차계약증서와 확정일자 관련 서류를 준비하세요.
   - 경매 절차에 대한 정보를 확인하고, 경매법원에 문의하세요.
   - 다른 임차인과의 계약 내용 및 확정일자 여부를 확인하세요.
   - 필요시 법률 상담을 통해 구체적인 대응 방안을 마련하세요.

C. 법적 근거
   - 주택임대차보호법 제3조의2(보증금의 회수) - 확정일자를 갖춘 임차인은 경매 시 우선변제권을 행사할 수 있습니다.
   - 주택임대차보호법 제8조(소액임차인의 우선변제권) - 소액임차인은 우선변제권을 행사할 수 있습니다.

D. 절차/증빙
   - 경매가 진행 중인 경우, 경매법원에 배당요구서를 제출해야 합니다.
   - 확정일자가 기재된 임대차계약증서를 제출하여 우선변제권을 주장할 수 있습니다.

E. 유사 판례/사례
   - 판례 09다101275: 확정일자를 갖춘 임차인이 경매에서 우선변제권을 행사할 수 있음을 인정한 사례입니다.

F. 추가 확인 질문
   1. 확정일자를 받은 임대차계약증서는 언제 작성되었나요?
   2. 다른 임차인의 계약서에도 확정일자가 있나요?
   3. 현재 경매 절차가 진행 중인 상태인가요?
   4. 임대인의 재산 상태(파산, 회생 등)에 대한 정보가 있나요?

이 정보는 일반적인 법률정보이며, 구체적인 사건에 대한 법률 자문이 아님을 알려드립니다.","확정일자를 받았다고 해서 항상 먼저 보증금을 배당받는 것은 아닙니다.
이중 임대차가 있는 경우, 각 임차인이 언제 대항력을 갖추었는지와 확정일자를 언제 취득했는지에 따라 보증금 순위가 정해집니다.
주택임대차보호법 제3조 제1항에 따르면,
임차인은 주택의 인도와 주민등록을 마친 다음 날부터
제3자에 대하여 임대차의 효력을 주장할 수 있습니다.
즉, 경매에서 보증금 보호를 받기 위해서는
확정일자 이전에 대항력을 먼저 갖추었는지가 중요합니다.
그 위에서,
주택임대차보호법 제3조의2 제2항에 따르면,
대항력을 갖춘 임차인이 확정일자를 취득한 경우에 한하여
보증금에 대한 우선변제권이 인정됩니다.
따라서 동일한 주택에 여러 임차인이 있는 경우에는 다음과 같이 판단합니다.
대항력을 먼저 갖춘 임차인이 우선적으로 보호되며
그중에서도 확정일자를 먼저 받은 임차인이
다른 임차인보다 보증금 배당에서 앞선 순위를 가집니다.
반대로,
확정일자를 먼저 받았더라도
주택의 인도나 주민등록을 늦게 마쳐 대항력이 나중에 발생했다면,
그 임차인은 대항력을 먼저 갖춘 다른 임차인보다 후순위가 됩니다.
정리하면,
이중 임대차가 있는 경우 경매에서의 보증금 순위는
① 대항력 취득 시점,
② 확정일자 취득 시점의 선후 관계를 기준으로 판단되며,
“확정일자를 받았는지 여부”만으로 순위가 결정되지는 않습니다.
📌 법적 근거
주택임대차보호법 제3조 제1항
주택임대차보호법 제3조의2 제2항",0.9999999999666667,1.0,0.9999999999866667
"전세 계약하려는 집에 선순위 근저당은 없는데, 나중에 보니 임대인이 국세를 체납한 상태였습니다. 아직 압류등기는 없었는데, 이 경우에도 제 보증금이 위험한가요?","['임대차계약을 체결할 때 임대인은 다음 각 호의 사항을 임차인에게 제시하여야 한다.\n\n1. 제3조의6제3항에 따른 해당 주택의 확정일자 부여일, 차임 및 보증금 등 정보. 다만, 임대인이 임대차계약을 체결하기 전에 제3조의6제4항에 따라 동의함으로써 이를 갈음할 수 있다.\n\n2. 「국세징수법」 제108조에 따른 납세증명서 및 「지방세징수법」 제5조제2항에 따른 납세증명서. 다만, 임대인이 임대차계약을 체결하기 전에 「국세징수법」 제109조제1항에 따른 미납국세와 체납액의 열람 및 「지방세징수법」 제6조제1항에 따른 미납지방세의 열람에 각각 동의함으로써 이를 갈음할 수 있다.\n\n[본조신설 2023. 4. 18.]', '① 제14조에 따라 전세사기피해자로 결정받고자 하는 임차인(자연인에 한정한다. 이하 같다)은 다음 각 호의 요건을 모두 갖추어야 한다. 다만, 경매 또는 공매 절차가 완료된 임차인의 경우에는 제1호 및 제3호의 요건은 제외한다. <개정 2024. 9. 10.>\n\n1. 「주택임대차보호법」 제3조에 따라 주택의 인도와 주민등록을 마치고(이 경우 전입신고를 한 때 주민등록을 한 것으로 본다) 같은 법 제3조의2제2항에 따라 임대차계약증서상의 확정일자(이하 “확정일자”라 한다)를 갖출 것(「주택임대차보호법」 제3조의3에 따른 임차권등기를 마친 경우 또는 「민법」 제303조에 따른 전세권이 설정된 경우도 포함한다)\n\n2. 임차인의 임차보증금이 5억원 이하일 것. 다만, 임차보증금의 상한액은 제6조에 따른 전세사기피해지원위원회가 시ㆍ도별 여건 및 피해자의 여건 등을 고려하여 2억원의 범위에서 상향 조정할 수 있다.\n\n3. 임대인의 파산 또는 회생절차 개시, 임차주택의 경매 또는 공매절차의 개시(국세 또는 지방세의 체납으로 인하여 임차주택이 압류된 경우도 포함한다), 임차인의 집행권원 확보 등에 해당하여 2인 이상의 임차인에게 임차보증금반환채권의 변제를 받지 못하는 피해', '① 임차인(제3조제2항 및 제3항의 법인을 포함한다. 이하 같다)이 임차주택에 대하여 보증금반환청구소송의 확정판결이나 그 밖에 이에 준하는 집행권원(執行權原)에 따라서 경매를 신청하는 경우에는 집행개시(執行開始)요건에 관한 「민사집행법」 제41조에도 불구하고 반대의무(反對義務)의 이행이나 이행의 제공을 집행개시의 요건으로 하지 아니한다. <개정 2013. 8. 13.>\n\n② 제3조제1항ㆍ제2항 또는 제3항의 대항요건(對抗要件)과 임대차계약증서(제3조제2항 및 제3항의 경우에는 법인과 임대인 사이의 임대차계약증서를 말한다)상의 확정일자(確定日字)를 갖춘 임차인은 「민사집행법」에 따른 경매 또는 「국세징수법」에 따른 공매(公賣)를 할 때에 임차주택(대지를 포함한다)의 환가대금(換價代金)에서 후순위권리자(後順位權利者)나 그 밖의 채권자보다 우선하여 보증금을 변제(辨濟)받을 권리가 있다.<개정 2013. 8. 13.>\n\n③ 임차인은 임차주택을 양수인에게 인도하지 아니하면 제2항에 따른 보증금을 받을 수 없다.\n\n④ 제2항 또는 제7항에 따른 우선변제의 순위와 보증금에 대하여 이의가 있는 이해관계인은 경매법원이나 체납처분청에 이의를 신청할 수 있다.<개정 2013. ']","A. 결론적으로, 임대인(임대인)이 국세(국세)를 체납(체납)한 상태라면, 향후 압류등기(압류등기)가 이루어질 가능성이 있어 임대차보증금(임대차보증금)이 위험할 수 있습니다.

B. 지금 당장 할 일:
1. 임대인의 국세 체납 여부를 확인하세요.
2. 임대차계약서에 확정일자를 받으세요.
3. 전입신고를 하여 대항력을 확보하세요.
4. 임대차보증금의 반환을 위한 보증 또는 보험 가입을 고려하세요.
5. 임대인의 납세증명서를 요청하여 체납 여부를 확인하세요.
6. 필요시 법률 상담을 통해 추가 조치를 논의하세요.

C. 법적 근거:
- 주택임대차보호법 제3조의7(임대인의 정보 제시 의무) - 임대인은 임차인에게 납세증명서를 제시해야 합니다.
- 전세사기피해자 지원 및 주거안정에 관한 특별법 제3조(전세사기피해자의 요건) - 임대인의 파산 또는 회생절차 개시 시 임차인의 권리 보호를 규정합니다.
- 주택임대차보호법 제3조의2(보증금의 회수) - 임차인은 보증금 반환청구소송을 통해 권리를 주장할 수 있습니다.

D. 절차/증빙:
- 임대인의 납세증명서를 요청하여 체납 여부를 확인합니다.
- 계약서에 확정일자를 받고, 전입신고를 통해 대항력을 확보합니다.
- 보증금 반환을 위한 소송을 고려할 경우, 법원에 필요한 서류를 준비해야 합니다.

E. 유사 판례/사례:
- 판례 09다26879 - 주택임대차보호법은 주거용 건물의 임대차에 대해 특례를 적용하여 소액임차인의 보호권을 인정합니다.
- 판례 22다246610 - 임대차계약 기간 종료 후에도 임차인의 대항력과 우선변제권이 유지되어 경매 절차에서 보증금 반환을 청구할 수 있다는 판결이 있습니다.

F. 추가 확인 질문:
1. 임대차계약서에 확정일자는 받으셨나요?
2. 전입신고는 하셨나요?
3. 임대인의 국세 체납액은 어느 정도인지 확인하셨나요?
4. 임대인에게 납세증명서를 요청해 보셨나요?

이 정보는 일반적인 법률정보이며, 구체 사건의 법률 자문이 아님을 알려드립니다.","네, 경우에 따라 보증금이 위험해질 수 있습니다.
선순위 근저당이 없고 아직 압류등기가 없더라도,
임대인의 국세 체납 사실과 그 국세의 우선권 성립 여부에 따라
보증금보다 국세가 먼저 변제될 수 있기 때문입니다.
먼저, 주택임대차보호법 제3조의2 제2항에 따르면,
임차인이 주택의 인도와 주민등록을 마친 후
임대차계약서에 확정일자를 갖춘 경우에 한하여
보증금에 대한 우선변제권을 가집니다.
다만 이 우선변제권은
모든 채권보다 무조건 앞서는 절대적인 권리가 아니라,
이미 성립한 다른 우선권과의 관계에서는
그 성립 시점에 따라 우선순위가 달라집니다.
한편 국세기본법 제35조에 따르면,
국세는 원칙적으로 다른 채권에 우선하여 징수되며,
법에서 정한 우선변제권보다
먼저 성립한 국세의 우선권은
그 이후에 취득한 권리에 우선할 수 있습니다.
따라서 이 사안에서는
“아직 압류등기가 없다”는 사정만으로
임차인의 보증금이 안전하다고 단정할 수 없습니다.
임차인이 확정일자를 취득하기 전에
국세의 우선권이 이미 성립한 경우에는
→ 그 국세가 임차인의 보증금보다 우선할 수 있고,
반대로
임차인이 확정일자를 먼저 취득한 후에
국세의 우선권이 문제 되는 경우에는
→ 임차인의 우선변제권이 국세보다 앞설 수 있습니다.
즉, 이 경우 보증금의 안전 여부는
압류등기 유무가 아니라,
확정일자 취득 시점과 국세 우선권 성립 시점의 선후관계에 따라
결정됩니다.
📌 법적 근거
주택임대차보호법 제3조의2 제2항 (확정일자 임차인의 우선변제권)
국세기본법 제35조 (국세의 우선권 및 법정기일 기준)",0.9999999999666667,,
"등기부에는 문제가 없어서 계약했는데, 알고 보니 담보신탁된 부동산이었고 계약 상대방은 위탁자였습니다. 이 계약은 유효한가요? 보증금은 누구에게 받아야 하나요?","['[판례 전문: 대법원은 명의신탁의 효력을 인정하지 않고, 피고가 사실상의 소유자인 ○○서부연립재건축주택조합에게 부동산 소유권이 있음을 확인하여 소외인의 등기 말소 의무를 인정했다.]\n""임대차보증금"" (판례, 2020나32533)\n\n임대차보증금\n\n[서울중앙지방법원 2021. 1. 28. 2020나32533]\n【전문】\n\n【원고, 피항소인】 원고 (소송대리인 변호사 이승운)\n\n\n\n【피고, 항소인】 해주종합개발 주식회사 (소송대리인 법무법인 두우 담당변호사 오종윤 외 1인)\n\n\n\n【제1심판결】 서울중앙지방법원 2020. 5. 21. 선고 2019가단5286093 판결\n\n\n\n【변론종결】2020. 12. 17.\n【주 문】\n\n 1. 이 법원에서 변경하거나 추가한 청구를 포함하여 제1심판결을 다음과 같이 변경한다.\n\n 가. 이 사건 소 중 예비적 청구 부분을 각하한다.\n\n 나. 원고의 주위적 청구를 기각한다.\n\n 2. 소송총비용은 원고가 부담한다.\n\n\n\n\n\n【청구취지 및 항소취지】 1. 청구취지\n\n 주위적으로, 피고는 원고에게 195,000,000원 및 이에 대하여 이 사건 소장부본 송달 다음날부터 다 갚는 날까지 연 12%의 비율로 계산한 돈을 지급하라.\n\n 예비적으로,', '[판례 전문: 피고가 실제로 임대차 보증금을 지급하고 유지한 점을 고려할 때, 임대차계약의 무효 주장과 사해행위 취소 주장은 받아들여지지 않으며, 배당표는 현재 상태대로 유지된다.]\n""배당이의"" (판례, 2015가단214120)\n\n배당이의\n\n[서울서부지법 2017. 1. 10. 2015가단214120]\n【판시사항】\n\n甲 주식회사가 乙 소유의 아파트에 근저당권설정등기를 마친 후 丙이 乙과 아파트임대차계약을 체결하고 확정일자를 받았는데, 그 후 아파트에 관하여 임의경매가 진행되어 소액임차인 丙에게 1순위로 매각대금을 배당하는 내용의 배당표가 작성되자 甲 회사가 이의한 사안에서, 丙은 아파트에 경매가 개시될 것을 충분히 예상하면서도 임대인 乙과 공모하여 부당한 이득을 취하기 위하여 임대차계약을 체결하였으므로 주택임대차보호법에서 보호하는 소액임차인에 해당하지 아니한다고 한 사례\n【판결요지】\n\n甲 주식회사가 乙에 대한 대여금 채권의 담보를 위하여 乙 소유의 아파트에 근저당권설정등기를 마친 후 丙이 乙과 아파트임대차계약을 체결하고 확정일자를 받았는데, 그 후 아파트에 관하여 임의경매가 진행되어 소액임차인 丙에게 1순위로 매각대금을 배당하는 내용의 배당표가 작성되자 甲 ', '[판례 전문: 피고의 임대인 지위 승계 불인정 및 보험계약 대위변제 권리 주장에 따라, 원고는 한수원에 대해 보증금 전액을 청구할 수 있는 법적 근거를 확보하였다.]\n""구상금등청구의소"" (판례, 2020나56247)\n\n구상금등청구의소\n\n[부산지방법원 2021. 5. 12. 2020나56247]\n【전문】\n\n【원고, 피항소인】 서울보증보험 주식회사 (소송대리인 법무법인 율하 담당변호사 최병주)\n\n\n\n【피고, 항소인】 피고 (소송대리인 법무법인 하늘 담당변호사 김민석 외 1인)\n\n\n\n【제1심판결】 부산지방법원 2020. 7. 22. 선고 2019가단340914 판결\n\n\n\n【변론종결】2021. 4. 21.\n【주 문】\n\n 1. 제1심판결 중 피고에 대한 부분을 취소한다.\n\n 2. 원고의 피고에 대한 청구를 기각한다.\n\n 3. 소송총비용은 원고가 부담한다.\n\n\n\n\n\n【청구취지 및 항소취지】1. 청구취지\n\n 피고는 원고에게 200,000,000원 및 이에 대하여 2019. 12. 20.부터 이 사건 소장 부본 송달일까지는 연 5%의, 그 다음날부터 다 갚는 날까지는 연 12%의 각 비율에 의한 돈을 지급하라.\n\n2. 항소취지\n\n 주문과 같다.\n【이 유】1. 기초사실\n\n\n']","A. 계약은 유효하지 않을 가능성이 큽니다. 

B. 지금 당장 할 일:
   1. 계약서 및 관련 서류를 다시 검토하세요.
   2. 등기부등본을 확인하여 근저당권의 내용을 확인하세요.
   3. 임대인과의 대화 기록을 정리하고, 필요 시 내용증명을 보내세요.
   4. 법률 상담을 통해 구체적인 대응 방안을 마련하세요.
   5. 보증금 반환을 위한 소송을 고려할 수 있습니다.

C. 법적 근거:
   - 주택임대차보호법 제8조: 임대차계약이 무효인 경우, 임차인은 보증금을 반환받을 수 없습니다.
   - 민법 제563조: 임대차계약의 유효성에 대한 규정.

D. 절차/증빙:
   - 계약서, 등기부등본, 대화 기록 등을 준비하여 법률 상담 시 제출하세요.
   - 보증금 반환을 위한 소송을 진행할 경우, 소송에 필요한 서류를 준비해야 합니다.

E. 유사 판례/사례:
   - 판례 20나32533: 명의신탁의 효력을 인정하지 않고, 임대차계약이 무효로 판단된 사례.
   - 판례 15가단214120: 임대차계약이 무효로 판단된 경우, 보증금 반환에 대한 판결.

F. 추가 확인 질문:
   1. 계약서에 명시된 임대인의 신원은 누구인가요?
   2. 근저당권의 설정일과 금액은 얼마인가요?
   3. 계약 체결 시 임대인과의 대화 내용은 어떤 것이었나요?
   4. 현재 임대차계약의 종료 여부는 어떻게 되나요?

이 정보는 일반적인 법률정보이며, 구체적인 사건에 대한 법률 자문이 아닙니다.","원칙적으로 해당 임대차계약은 매우 불안정하며, 보증금 반환도 위탁자에게 청구해야 합니다.
담보신탁된 부동산에서 위탁자와 체결한 임대차계약은 임대 권한 문제로 인해 보호받기 어렵기 때문입니다.
우선, 임대차는 임대할 권한이 있는 자와 체결되어야 그 효력이 인정됩니다.
임대차의 기본 구조상 임대인은 목적물을 사용·수익하게 할 권한을 가져야 합니다
(임대차의 성립 전제 – 민법 제618조).
그런데 담보신탁이 설정된 경우,
신탁재산은 신탁계약에 따라 관리·처분되며,
그 귀속은 수탁자에게 있는 것으로 추정됩니다
(신탁재산의 귀속 – 신탁법 제29조).
또한 신탁은 등기 등 공시를 통해 제3자에게 대항할 수 있고,
등기부에 신탁 사실이 표시되어 있다면
임차인은 해당 부동산이 신탁재산임을 알 수 있는 상태에 놓이게 됩니다
(신탁의 공시와 대항 – 신탁법 제4조).
이러한 구조에서 위탁자는 신탁행위에서 정한 범위 내에서만 권리를 행사할 수 있으므로,
신탁계약에서 임대 권한이 부여되지 않은 이상
위탁자가 임의로 임대차계약을 체결하는 것은 문제가 됩니다
(위탁자의 권리 범위 – 신탁법 제9조).
따라서 위탁자와 체결한 임대차계약은
수탁자나 그 이후의 제3자에게
임대차로서의 효력을 주장하기 어렵고,
주택임대차보호법상 대항력이나 우선변제권도 인정되기 어렵습니다
(대항력의 전제 – 주택임대차보호법 제3조 제1항).
보증금 반환과 관련해서도,
임대차계약의 상대방은 위탁자이므로
임차인의 보증금 반환청구권은 원칙적으로 위탁자에게 귀속됩니다
(임대차 당사자 관계 – 민법 제618조).
수탁자는 임대차계약의 당사자가 아니며,
신탁계약이나 수탁자의 동의·추인이 없는 한
임차인은 수탁자에게 직접 보증금 반환을 청구하기 어렵습니다
(수탁자의 권한 범위 – 신탁법 제31조).
정리하면,
담보신탁된 부동산에서 위탁자와 체결한 임대차계약은 법적 위험이 크고,
임차인은 주택임대차보호법의 보호를 받기 어려우며,
보증금은 수탁자가 아니라 계약 상대방인 위탁자에게 청구해야 하는 구조입니다.
📌 법적 근거
민법 제618조 (임대차의 정의 및 당사자)
주택임대차보호법 제3조 제1항 (대항력의 요건)
신탁법 제4조 (신탁의 공시와 대항)
신탁법 제9조 (위탁자의 권리)
신탁법 제29조 (신탁재산의 귀속 추정)
신탁법 제31조 (수탁자의 권한)",0.9999999999666667,1.0,0.9999999999866667
신탁된 집인데 “수탁자 동의서가 있다”는 말만 믿고 계약했어요. 나중에 집이 공매로 넘어가면 수탁자나 낙찰자에게 보증금을 청구할 수 있나요?,"['임차권은 임차주택에 대하여 「민사집행법」에 따른 경매가 행하여진 경우에는 그 임차주택의 경락(競落)에 따라 소멸한다. 다만, 보증금이 모두 변제되지 아니한, 대항력이 있는 임차권은 그러하지 아니하다.\n\n[전문개정 2008. 3. 21.]', '① 임대차가 끝난 후 보증금이 반환되지 아니한 경우 임차인은 임차주택의 소재지를 관할하는 지방법원ㆍ지방법원지원 또는 시ㆍ군 법원에 임차권등기명령을 신청할 수 있다. <개정 2013. 8. 13.>\n\n② 임차권등기명령의 신청서에는 다음 각 호의 사항을 적어야 하며, 신청의 이유와 임차권등기의 원인이 된 사실을 소명(疎明)하여야 한다.<개정 2013. 8. 13.>\n\n1. 신청의 취지 및 이유\n\n2. 임대차의 목적인 주택(임대차의 목적이 주택의 일부분인 경우에는 해당 부분의 도면을 첨부한다)\n\n3. 임차권등기의 원인이 된 사실(임차인이 제3조제1항ㆍ제2항 또는 제3항에 따른 대항력을 취득하였거나 제3조의2제2항에 따른 우선변제권을 취득한 경우에는 그 사실)\n\n4. 그 밖에 대법원규칙으로 정하는 사항\n\n③ 다음 각 호의 사항 등에 관하여는 「민사집행법」 제280조제1항, 제281조, 제283조, 제285조, 제286조, 제288조제1항, 같은 조 제2항 본문, 제289조, 제290조제2항 중 제288조제1항에 대한 부분, 제291조, 제292조제3항 및 제293조를 준용한다. 이 경우 “가압류”는 “임차권등기”로, “채권자”는 “임차인”으로, “채무자”는 “임대인', '① 제14조에 따라 전세사기피해자로 결정받고자 하는 임차인(자연인에 한정한다. 이하 같다)은 다음 각 호의 요건을 모두 갖추어야 한다. 다만, 경매 또는 공매 절차가 완료된 임차인의 경우에는 제1호 및 제3호의 요건은 제외한다. <개정 2024. 9. 10.>\n\n1. 「주택임대차보호법」 제3조에 따라 주택의 인도와 주민등록을 마치고(이 경우 전입신고를 한 때 주민등록을 한 것으로 본다) 같은 법 제3조의2제2항에 따라 임대차계약증서상의 확정일자(이하 “확정일자”라 한다)를 갖출 것(「주택임대차보호법」 제3조의3에 따른 임차권등기를 마친 경우 또는 「민법」 제303조에 따른 전세권이 설정된 경우도 포함한다)\n\n2. 임차인의 임차보증금이 5억원 이하일 것. 다만, 임차보증금의 상한액은 제6조에 따른 전세사기피해지원위원회가 시ㆍ도별 여건 및 피해자의 여건 등을 고려하여 2억원의 범위에서 상향 조정할 수 있다.\n\n3. 임대인의 파산 또는 회생절차 개시, 임차주택의 경매 또는 공매절차의 개시(국세 또는 지방세의 체납으로 인하여 임차주택이 압류된 경우도 포함한다), 임차인의 집행권원 확보 등에 해당하여 2인 이상의 임차인에게 임차보증금반환채권의 변제를 받지 못하는 피해']","A. 결론: 수탁자 동의서가 있다면, 임대차계약이 유효할 수 있지만, 공매절차에서 보증금을 청구할 수 있는지 여부는 복잡한 법적 판단이 필요합니다.

B. 지금 당장 할 일:
1. 수탁자 동의서의 내용을 확인하고, 임대차계약의 유효성을 검토하세요.
2. 임대차계약증서와 관련 서류를 정리하여 보관하세요.
3. 임차권등기명령을 신청할 수 있는지 검토하고, 필요시 법원에 신청하세요.
4. 공매 절차에 대한 정보를 수집하고, 관련 기관에 문의하세요.
5. 법률 상담을 통해 구체적인 상황에 대한 조언을 받으세요.

C. 법적 근거:
- 주택임대차보호법 제3조(대항력 등) - 임차인은 주택의 인도와 주민등록을 마친 경우 대항력을 취득합니다.
- 주택임대차보호법 제3조의5(경매에 의한 임차권의 소멸) - 임차권은 경매가 진행될 경우 소멸할 수 있습니다.

D. 절차/증빙:
- 임차권등기명령 신청 시 필요한 서류를 준비하세요 (임대차계약증서, 주민등록 등).
- 공매 절차에 대한 정보는 관할 지방자치단체나 법원에 문의하여 확인하세요.

E. 유사 판례/사례:
- 판례 18다44879: 임차인이 대항력을 취득한 경우, 임대차계약이 유효하다는 사례가 있습니다.
- 판례 20나51962: 임대차계약의 유효성과 관련된 소송 사례가 있습니다.

F. 추가 확인 질문:
1. 수탁자 동의서의 구체적인 내용은 무엇인가요?
2. 임대차계약증서에는 어떤 조건이 명시되어 있나요?
3. 현재 공매 절차가 진행 중인지, 아니면 예정인지 확인해보셨나요?
4. 주민등록은 완료되었나요?","수탁자 동의서가 있다는 말만으로는, 공매 시 수탁자나 낙찰자에게 보증금을 청구할 수 있다고 단정하기 어렵습니다.
핵심은 그 ‘동의서의 법적 성격과 범위’가 신탁법상 수탁자의 권한에 기초한 것인지입니다.
우선, 담보신탁이 설정된 부동산은 신탁재산에 해당하고,
그 관리·처분 권한은 원칙적으로 수탁자에게 귀속됩니다
(수탁자의 권한 – 신탁법 제31조).
또한 신탁은 등기 등 공시가 되면 제3자에게 대항할 수 있으므로,
등기부에 신탁 사실이 기재되어 있다면
임차인은 해당 부동산이 신탁재산임을 전제로 계약을 판단해야 합니다
(신탁의 공시와 대항 – 신탁법 제4조).
이러한 구조에서,
수탁자가 신탁 목적의 범위 내에서 임대차를 명시적으로 허용하거나 직접 임대차계약의 당사자가 된 경우라면,
그 임대차는 신탁재산에 관하여 효력을 가질 수 있습니다
(수탁자의 권한 범위 – 신탁법 제31조).
그러나 단순히
“수탁자 동의서가 있다”는 설명만 있고,
그 동의서가 임대차 체결을 명확히 승인한 문서인지,
또는 보증금 반환 책임까지 수탁자가 부담한다는 내용인지가 분명하지 않다면,
그 임대차를 근거로
임차인이 공매 후 수탁자나 낙찰자에게 곧바로 보증금 반환을 청구하기는 어렵습니다.
주택임대차보호법상 대항력 역시,
적법한 임대차계약을 전제로 하여야 인정될 수 있으므로,
임대할 권한이 없는 자와 체결한 임대차에는
대항력이나 우선변제권이 문제될 수 있습니다
(대항력의 전제 – 주택임대차보호법 제3조 제1항).
공매가 이루어진 경우에도,
임대차가 수탁자의 적법한 권한에 기초한 것이 아니라면
낙찰자는 그 임대차를 승계할 의무가 없고,
임차인은 계약 상대방(통상 위탁자)에 대해 보증금 반환을 청구하는 구조가 됩니다
(신탁재산의 귀속 추정 – 신탁법 제29조).
정리하면,
수탁자의 명확한 권한 행사로 체결된 임대차라면
→ 공매 후에도 수탁자 또는 낙찰자에게 권리를 주장할 여지가 있으나
‘동의서가 있다’는 말만 믿고 체결한 임대차로,
그 법적 범위가 불분명한 경우에는
→ 수탁자나 낙찰자에게 보증금 반환을 청구하기 어렵습니다.
📌 법적 근거
신탁법 제4조 (신탁의 공시와 대항)
신탁법 제29조 (신탁재산의 귀속 추정)
신탁법 제31조 (수탁자의 권한)
주택임대차보호법 제3조 제1항 (대항력의 요건)",0.9999999999666667,,
신축 빌라인데 전세가가 너무 높아서 불안합니다. 실거래가보다 훨씬 비싼 전세 계약도 법적으로 문제될 수 있나요?,"['① 당사자는 약정한 차임이나 보증금이 임차주택에 관한 조세, 공과금, 그 밖의 부담의 증감이나 경제사정의 변동으로 인하여 적절하지 아니하게 된 때에는 장래에 대하여 그 증감을 청구할 수 있다. 이 경우 증액청구는 임대차계약 또는 약정한 차임이나 보증금의 증액이 있은 후 1년 이내에는 하지 못한다. <개정 2020. 7. 31.>\n\n② 제1항에 따른 증액청구는 약정한 차임이나 보증금의 20분의 1의 금액을 초과하지 못한다. 다만, 특별시ㆍ광역시ㆍ특별자치시ㆍ도 및 특별자치도는 관할 구역 내의 지역별 임대차 시장 여건 등을 고려하여 본문의 범위에서 증액청구의 상한을 조례로 달리 정할 수 있다.<신설 2020. 7. 31.>\n\n[전문개정 2008. 3. 21.]', '임차인이 제7조에 따른 증액비율을 초과하여 차임 또는 보증금을 지급하거나 제7조의2에 따른 월차임 산정률을 초과하여 차임을 지급한 경우에는 초과 지급된 차임 또는 보증금 상당금액의 반환을 청구할 수 있다.\n\n[본조신설 2013. 8. 13.]', '① 임차인은 보증금 중 일정액을 다른 담보물권자(擔保物權者)보다 우선하여 변제받을 권리가 있다. 이 경우 임차인은 주택에 대한 경매신청의 등기 전에 제3조제1항의 요건을 갖추어야 한다.\n\n② 제1항의 경우에는 제3조의2제4항부터 제6항까지의 규정을 준용한다.\n\n③ 제1항에 따라 우선변제를 받을 임차인 및 보증금 중 일정액의 범위와 기준은 제8조의2에 따른 주택임대차위원회의 심의를 거쳐 대통령령으로 정한다. 다만, 보증금 중 일정액의 범위와 기준은 주택가액(대지의 가액을 포함한다)의 2분의 1을 넘지 못한다.<개정 2009. 5. 8.>\n\n[전문개정 2008. 3. 21.]']","A. 임대차보증금이 실거래가보다 지나치게 높은 경우, 법적으로 문제가 될 수 있습니다.

B. 지금 당장 할 일
1. 해당 주택의 실거래가를 확인하세요.
2. 계약서의 임대차보증금 조항을 검토하세요.
3. 임대차계약이 법적 요건을 충족하는지 확인하세요.
4. 필요시, 전문가(변호사 등)와 상담하여 법적 조언을 받으세요.
5. 임대인에게 보증금 인하를 요청해 보세요.
6. 계약서에 명시된 내용과 실제 상황을 비교하여 증거를 확보하세요.

C. 법적 근거
- 주택임대차보호법 제7조(차임 등의 증감청구권) - 임대차계약의 차임이나 보증금이 적절하지 않다고 판단될 경우 증감을 청구할 수 있습니다.
- 주택임대차보호법 제10조의2(초과 차임 등의 반환청구) - 임차인이 법적으로 정해진 범위를 초과하여 보증금을 지급한 경우, 반환을 청구할 수 있습니다.

D. 절차/증빙
- 실거래가 확인: 국토교통부 실거래가 공개 시스템 이용.
- 계약서 검토: 계약서 사본을 보관하고, 필요시 법률 전문가에게 상담.
- 증거 확보: 임대차계약서, 실거래가 자료, 통신 기록 등을 정리.

E. 유사 판례/사례
- 판례 22나2043727: 임대차계약 갱신 시 법적 기준을 초과한 증액 주장에 대한 사례로, 임대인이 구체적인 거절 사유를 제시하지 못한 경우 계약 해지가 적법하다고 판단된 사례입니다.

F. 추가 확인 질문
1. 현재 계약서에 명시된 보증금은 얼마인가요?
2. 해당 주택의 실거래가는 얼마인지 확인하셨나요?
3. 임대인과의 대화에서 보증금에 대한 논의가 있었나요?
4. 계약서에 보증금 인상 조건이 명시되어 있나요?

답변은 일반적인 법률정보이며, 구체 사건의 법률 자문이 아님을 알려드립니다.","네, 전세가가 실거래가보다 현저히 높다는 사정만으로
곧바로 위법이 되는 것은 아니지만,
경우에 따라 법적으로 문제될 수 있습니다.
먼저, 부동산 거래신고 등에 관한 법률 제6조의2에 따르면,
일정 금액을 초과하는 주택 임대차 계약은
보증금과 차임 등 임대차 가격을
관할 신고관청에 신고하도록 되어 있습니다.
이 규정은
임대차 가격을 공적으로 드러내
거래의 투명성을 확보하기 위한 것으로,
전세가가 높다는 사실 자체를 직접 금지하는 규정은 아닙니다.
따라서
전세가가 시세나 실거래가보다 높더라도
그 사정만으로
임대차 계약이 당연히 무효가 되거나
위법이 되는 것은 아닙니다.
다만 계약의 유효성은
민법 제104조에 따른 불공정한 법률행위 해당 여부가
별도로 문제될 수 있습니다.
민법 제104조에 따르면,
당사자 일방이 상대방의 궁박, 경솔 또는 무경험을 이용하여
현저히 공정을 잃은 조건으로 계약을 체결한 경우,
그 법률행위는 취소될 수 있습니다.
신축 빌라 전세계약에서
매매가에 근접하거나 이를 초과하는 전세가를 설정하면서
보증금 반환 가능성에 대한 합리적 판단 근거 없이
임차인의 상황이나 정보 부족을 이용해 계약이 체결되었다면
사후적으로
불공정한 법률행위에 해당하는지 여부가 다투어질 여지는 있습니다.
정리하면,
전세가가 높다는 사실만으로
→ 곧바로 불법은 아니지만
그 전세가가
→ 임차인의 취약한 상태를 이용한
현저히 불균형한 조건이라면
민법상
→ 취소 대상이 될 수 있습니다.
📌 법적 근거
부동산 거래신고 등에 관한 법률 제6조의2 (주택 임대차 계약의 신고)
민법 제104조 (불공정한 법률행위)",0.9999999999666667,1.0,0.9999999999866667
임대인이 “전입신고 하지 말아달라”고 특약을 넣자고 합니다. 이 특약을 지키면 정말 문제가 생기나요?,"['① 임대차는 그 등기(登記)가 없는 경우에도 임차인(賃借人)이 주택의 인도(引渡)와 주민등록을 마친 때에는 그 다음 날부터 제삼자에 대하여 효력이 생긴다. 이 경우 전입신고를 한 때에 주민등록이 된 것으로 본다.\n\n② 주택도시기금을 재원으로 하여 저소득층 무주택자에게 주거생활 안정을 목적으로 전세임대주택을 지원하는 법인이 주택을 임차한 후 지방자치단체의 장 또는 그 법인이 선정한 입주자가 그 주택을 인도받고 주민등록을 마쳤을 때에는 제1항을 준용한다. 이 경우 대항력이 인정되는 법인은 대통령령으로 정한다.<개정 2015. 1. 6.>\n\n③ 「중소기업기본법」 제2조에 따른 중소기업에 해당하는 법인이 소속 직원의 주거용으로 주택을 임차한 후 그 법인이 선정한 직원이 해당 주택을 인도받고 주민등록을 마쳤을 때에는 제1항을 준용한다. 임대차가 끝나기 전에 그 직원이 변경된 경우에는 그 법인이 선정한 새로운 직원이 주택을 인도받고 주민등록을 마친 다음 날부터 제삼자에 대하여 효력이 생긴다.<신설 2013. 8. 13.>\n\n④ 임차주택의 양수인(讓受人)(그 밖에 임대할 권리를 승계한 자를 포함한다)은 임대인(賃貸人)의 지위를 승계한 것으로 본다.<개정 2013. 8. ', '① 「민법」 제621조에 따른 주택임대차등기의 효력에 관하여는 제3조의3제5항 및 제6항을 준용한다.\n\n② 임차인이 대항력이나 우선변제권을 갖추고 「민법」 제621조제1항에 따라 임대인의 협력을 얻어 임대차등기를 신청하는 경우에는 신청서에 「부동산등기법」 제74조제1호부터 제6호까지의 사항 외에 다음 각 호의 사항을 적어야 하며, 이를 증명할 수 있는 서면(임대차의 목적이 주택의 일부분인 경우에는 해당 부분의 도면을 포함한다)을 첨부하여야 한다.<개정 2011. 4. 12., 2020. 2. 4.>\n\n1. 주민등록을 마친 날\n\n2. 임차주택을 점유(占有)한 날\n\n3. 임대차계약증서상의 확정일자를 받은 날\n\n[전문개정 2008. 3. 21.]', '이 법에 위반된 약정(約定)으로서 임차인에게 불리한 것은 그 효력이 없다.\n\n[전문개정 2008. 3. 21.]']","A. 결론: 임대인이 ""주민등록 하지 말아달라""는 특약사항은 법적으로 문제가 될 수 있습니다.

B. 지금 당장 할 일:
1. 계약서의 특약사항을 자세히 검토하세요.
2. 주민등록을 하지 않기로 한 경우의 법적 위험성을 확인하세요.
3. 임대인과의 대화에서 이 특약의 법적 효력을 설명해 보세요.
4. 필요시 법률 전문가와 상담하여 조언을 받으세요.

C. 법적 근거:
- 주택임대차보호법 제10조(강행규정) - 이 법에 위반된 약정으로서 임차인에게 불리한 것은 그 효력이 없다.
- 민법 제652조(강행규정) - 임차인에게 불리한 약정은 효력이 없다.

D. 절차/증빙:
- 계약서의 사본을 보관하세요.
- 임대인과의 대화 내용을 기록해 두세요.
- 법률 상담 시 계약서와 관련 서류를 지참하세요.

E. 유사 판례/사례:
- 임대인이 주민등록을 하지 말라는 특약을 요구한 경우, 임차인이 대항력을 상실할 수 있다는 판례가 있습니다. 이는 임차인이 주민등록을 통해 대항력을 확보해야 하기 때문입니다.

F. 추가 확인 질문:
1. 계약서에 명시된 특약사항의 구체적인 내용은 무엇인가요?
2. 임대인과의 대화에서 어떤 이유로 주민등록을 하지 말라고 했나요?
3. 현재 주민등록은 어떻게 되어 있나요?
4. 계약서에 다른 불리한 조항이 포함되어 있나요?

이 정보는 일반적인 법률정보이며, 구체적인 사건에 대한 법률 자문이 아님을 알려드립니다.","네, 이 특약을 그대로 지키면 실제로 법적인 불이익이 생길 수 있습니다.
우선, 임차인이 전입신고를 하는 것은 단순한 행정절차가 아니라
주택임대차보호법상 대항력을 취득하기 위한 핵심 요건입니다.
주택임대차보호법 제3조 제1항에 따르면,
임차인은 주택의 인도와 주민등록을 마친 다음 날부터
제3자에 대하여 임대차의 효력을 주장할 수 있습니다.
즉, 전입신고를 하지 않으면 대항력이 발생하지 않습니다.
대항력이 없으면,
주택이 매매되거나
경매·공매로 넘어가는 경우
임차인은 새로운 소유자나 낙찰자에게
임차권이나 보증금 반환을 주장할 수 없게 될 위험이 있습니다
(대항력의 효력 – 주택임대차보호법 제3조 제1항).
그럼에도 불구하고 임대인이
“전입신고를 하지 말라”는 특약을 요구하는 것은,
임차인이 법에서 보장하는 보호수단을 사전에 포기하도록 만드는 내용에 해당합니다.
이에 대해
주택임대차보호법 제10조에 따르면,
이 법의 규정에 위반되어 임차인에게 불리한 약정은 효력이 없습니다.
따라서 전입신고를 하지 말라는 특약은,
임차인의 대항력 취득을 제한하는 내용으로서
무효로 판단될 가능성이 큽니다.
정리하면,
전입신고를 하지 않으면
→ 대항력이 발생하지 않아 보증금 보호에 중대한 위험이 생기고
전입신고를 하지 말라는 특약은
→ 주택임대차보호법상 임차인에게 불리한 약정으로 효력이 없을 가능성이 높습니다.
따라서 이 특약을 그대로 지키는 것은
법적으로도, 실무적으로도 임차인에게 매우 불리한 선택이 됩니다.
📌 법적 근거
주택임대차보호법 제3조 제1항 (대항력의 요건)
주택임대차보호법 제10조 (강행규정, 임차인에게 불리한 약정의 무효)",0.9999999999666667,1.0,0.9999999999866667
"계약한 집이 나중에 보니 불법으로 쪼개진 호수(A-1호)였습니다. 저는 전입신고와 확정일자를 다 받았는데, 경매가 되면 보호받을 수 있나요?","['① 지방자치단체의 장은 지방세의 체납처분 또는 경매 절차 등을 통하여 임대인의 지방세(가산금을 포함한다. 이하 이 조에서 같다)를 징수하려 할 때 다음 각 호의 요건을 모두 충족하는 경우에는 해당 임대인의 지방세를 「지방세기본법」 제71조제1항에도 불구하고 대통령령으로 정하는 기준에 따라 해당 임대인이 보유한 모든 주택에 각각의 가격비율에 따라 안분하여 징수할 수 있다. 이 경우 안분된 지방세의 우선권은 「지방세기본법」에 따른다.\n\n1. 임대인이 2개 이상의 주택을 보유하고 있을 것\n\n2. 제1호의 주택의 전부 또는 일부에 대하여 전세사기피해자 또는 제2조제4호나목에 따른 임차인의 임차권에 의하여 담보된 임차보증금반환채권 또는 「주택임대차보호법」 제2조에 따른 주거용 건물에 설정된 전세권에 의하여 담보된 채권보다 우선징수가 가능한 지방세가 존재할 것\n\n3. 전세사기피해자 또는 제2조제4호나목에 따른 임차인의 제3항에 따른 안분 적용 신청이 있을 것\n\n② 제1항에 따라 안분하는 지방세에는 체납처분 대상 주택에 대하여 부과된 다음 각 호의 지방세는 제외한다.\n\n1. 재산세\n\n2. 지역자원시설세(소방분에 대한 지역자원시설세만 해당한다)\n\n3. 지방교육세(재산세에 ', '[판례 전문: 원고는 임대차 계약 이후에도 주택부분을 점유하고 있었으나, 배당요구 시점에서 점유 상실로 인해 주택임대차보호법상의 우선변제권을 상실하여 배당에서 배제되었고, 이로 인해 피고들...]\n""부당이득금"" (판례, 2005나10249)\n\n부당이득금\n\n[대구지법 2006. 3. 15. 2005나10249]\n【판시사항】\n\n임차인이 임차주택의 경락기일 전에 주민등록만 그대로 둔 채 시설이나 집기를 남겨두지 않고 이사하였고, 집을 구하는 사람에게 보여 주기 위하여 출입문의 열쇠를 소지한 채 임차주택의 출입문을 잠그지 않고 둔 경우, 주택임대차보호법상 우선변제권의 요건인 ‘주택의 점유’를 상실하였다고 보아야 하는지 여부(적극)\n【판결요지】\n\n임차인이 임차주택의 경락기일 전에 주민등록만 그대로 둔 채 시설이나 집기를 남겨두지 않고 이사하였고, 집을 구하는 사람에게 보여 주기 위하여 출입문의 열쇠를 소지한 채 임차주택의 출입문을 잠그지 않고 둔 경우, 주택임대차보호법이 임차인의 대항력과 우선변제권의 요건으로 주민등록과 함께 주택에 대한 점유를 요구하고 있는 점, 주민등록제도는 행정사무의 적정한 처리를 도모하는 것을 목적으로 하고 있을 뿐 사인 간의 권리관계, 특히 ', '[판례 전문: 임대차계약 체결 후 인도 및 주민등록 완료 시 대항력이 발생하여 임차인은 보증금 전액에 대해 후순위 채권자보다 우선 변제받을 권리가 있다.]\n""배당이의"" (판례, 2017다212194)\n\n배당이의\n\n[대법원 2017. 8. 29. 2017다212194]\n【판시사항】\n\n[1] 주택임대차보호법 제3조 제1항에서 정한 대항요건인 ‘주택의 인도’의 의미\n\n[2] 주택임대차보호법상 임차인에게 우선변제권이 인정되기 위하여 계약 당시 임차보증금이 전액 지급되어 있을 것을 요하는지 여부(소극) 및 임차인이 임대인에게 임차보증금의 일부만을 지급하고 주택임대차보호법 제3조 제1항에서 정한 대항요건과 임대차계약증서상의 확정일자를 갖춘 다음 나머지 보증금을 나중에 지급한 경우, 대항요건과 확정일자를 갖춘 때를 기준으로 임차보증금 전액에 대해서 우선변제권이 있는지 여부(원칙적 적극)\n【판결요지】\n\n[1] 주택에 관하여 임대차계약을 체결한 임차인이 주택의 인도와 주민등록을 마친 때에는 그 다음 날부터 제3자에 대하여 대항력이 생긴다. 이 경우 전입신고를 한 때에 주민등록이 된 것으로 본다(주택임대차보호법 제3조 제1항). 또한 위와 같은 대항요건과 임대차계약증서상의 확']","A. 한 줄 결론  
임차주택이 불법으로 쪼개진 경우에도 주민등록과 확정일자를 받았다면 우선변제권을 주장할 수 있습니다.

B. 지금 당장 할 일  
1. 임대차계약서 및 관련 서류를 정리하세요.  
2. 주민등록이 해당 주택으로 되어 있는지 확인하세요.  
3. 확정일자가 부여된 계약서 사본을 확보하세요.  
4. 경매 절차가 진행 중이라면 배당요구를 준비하세요.  
5. 법률 상담을 통해 불법 쪼개기와 관련된 법적 조언을 받으세요.  

C. 법적 근거  
- 주택임대차보호법 제3조 제1항 - 임차인이 주택의 인도와 주민등록을 마친 경우, 대항력이 생깁니다.  
- 주택임대차보호법 제3조의2 제2항 - 대항요건과 확정일자를 갖춘 임차인은 후순위 채권자보다 우선하여 보증금을 변제받을 권리가 있습니다.  

D. 절차/증빙  
- 경매가 진행 중이라면, 배당요구를 위해 경매법원에 필요한 서류를 제출해야 합니다.  
- 주민등록증, 임대차계약서, 확정일자 증명서 등을 준비하세요.  
- 법률 상담을 통해 불법 쪼개기와 관련된 추가 증거를 확보하는 것이 중요합니다.  

E. 유사 판례/사례  
- 판례 17다212194 - 임차인이 주택의 인도와 주민등록을 마친 경우, 대항력이 발생하여 보증금 전액에 대해 후순위 채권자보다 우선 변제받을 권리가 인정됩니다.  

F. 추가 확인 질문  
1. 임대차계약서에 명시된 임대인의 정보는 무엇인가요?  
2. 불법 쪼개기 사실을 어떻게 확인하셨나요?  
3. 현재 경매 절차가 진행 중인지, 아니면 예정인지 확인해 주세요.  
4. 주민등록이 해당 주택으로 되어 있는지 확인하셨나요?  

이 정보는 일반적인 법률정보이며, 구체 사건의 법률 자문이 아님을 알려드립니다.","경우에 따라 경매에서 보호를 받지 못할 수 있습니다.
 전입신고와 확정일자를 모두 받았더라도,
 임차한 대상이 법적으로 특정되는 ‘주택’으로 인정되는지가 핵심입니다.
우선, 주택임대차보호법 제3조 제1항에 따르면,
 임차인은 주택의 인도와 주민등록을 마친 다음 날부터
 제3자에 대하여 임대차의 효력을 주장할 수 있습니다.
 즉, 대항력은 임대차 목적물이 법적으로 특정된 ‘주택’일 것을 전제로 합니다.
또한 주택임대차보호법 제3조의2 제2항에 따르면,
 대항력을 갖춘 임차인이 확정일자를 받은 경우에 한하여
 보증금에 대한 우선변제권이 인정됩니다.
 이 역시 적법하게 특정된 주택을 전제로 한 권리입니다.
문제는 질문과 같이
 해당 주택이 **불법으로 쪼개진 호수(A-1호)**인 경우입니다.
 이와 관련하여, 집합건물의 소유 및 관리에 관한 법률 제2조 제3호에 따르면,
 전유부분이 되기 위해서는
 구조상·이용상 독립성을 갖추고 구분소유의 대상이 되는 부분이어야 합니다.
또한 같은 법 제1조에 따라,
 집합건물법은 1동의 건물에 여러 전유부분이 존재하는 건물에 적용되므로,
 빌라·다세대주택의 각 호수는
 등기부 등 공적 장부상 특정된 전유부분이어야 합니다.
따라서 등기부나 공적 장부에 존재하지 않는
 불법 분할 호수(A-1호)는
 집합건물법상 전유부분으로 인정되기 어렵고,
 그 결과 임대차 목적물의 동일성이 부정될 수 있습니다.
이처럼 임대차 목적물이 법적으로 특정되지 않는 경우에는,
 전입신고와 확정일자를 받았더라도
 그 효력이 경매 절차에서 그대로 인정되지 않을 위험이 있습니다
 (대항력·우선변제권의 전제 – 주택임대차보호법 제3조 제1항, 제3조의2 제2항).
정리하면,
불법 분할된 호수는
 → 집합건물법상 전유부분으로 인정되기 어려워
전입신고와 확정일자를 갖추었더라도
 → 경매에서 임차인 보호가 부정될 수 있습니다.
📌 법적 근거
주택임대차보호법 제3조 제1항 (대항력의 요건)
주택임대차보호법 제3조의2 제2항 (확정일자 임차인의 우선변제권)
집합건물의 소유 및 관리에 관한 법률 제1조 (적용 범위)
집합건물의 소유 및 관리에 관한 법률 제2조 제3호 (전유부분의 정의)",0.9999999999666667,1.0,0.9999999999866667
다가구주택에 전세로 들어갔는데 저보다 나중에 들어온 세입자들 때문에 경매에서 제 배당금이 줄어들었습니다. 왜 이런 일이 생기나요?,"['① 임차인은 보증금 중 일정액을 다른 담보물권자(擔保物權者)보다 우선하여 변제받을 권리가 있다. 이 경우 임차인은 주택에 대한 경매신청의 등기 전에 제3조제1항의 요건을 갖추어야 한다.\n\n② 제1항의 경우에는 제3조의2제4항부터 제6항까지의 규정을 준용한다.\n\n③ 제1항에 따라 우선변제를 받을 임차인 및 보증금 중 일정액의 범위와 기준은 제8조의2에 따른 주택임대차위원회의 심의를 거쳐 대통령령으로 정한다. 다만, 보증금 중 일정액의 범위와 기준은 주택가액(대지의 가액을 포함한다)의 2분의 1을 넘지 못한다.<개정 2009. 5. 8.>\n\n[전문개정 2008. 3. 21.]', '임차권은 임차주택에 대하여 「민사집행법」에 따른 경매가 행하여진 경우에는 그 임차주택의 경락(競落)에 따라 소멸한다. 다만, 보증금이 모두 변제되지 아니한, 대항력이 있는 임차권은 그러하지 아니하다.\n\n[전문개정 2008. 3. 21.]', '① 제14조에 따라 전세사기피해자로 결정받고자 하는 임차인(자연인에 한정한다. 이하 같다)은 다음 각 호의 요건을 모두 갖추어야 한다. 다만, 경매 또는 공매 절차가 완료된 임차인의 경우에는 제1호 및 제3호의 요건은 제외한다. <개정 2024. 9. 10.>\n\n1. 「주택임대차보호법」 제3조에 따라 주택의 인도와 주민등록을 마치고(이 경우 전입신고를 한 때 주민등록을 한 것으로 본다) 같은 법 제3조의2제2항에 따라 임대차계약증서상의 확정일자(이하 “확정일자”라 한다)를 갖출 것(「주택임대차보호법」 제3조의3에 따른 임차권등기를 마친 경우 또는 「민법」 제303조에 따른 전세권이 설정된 경우도 포함한다)\n\n2. 임차인의 임차보증금이 5억원 이하일 것. 다만, 임차보증금의 상한액은 제6조에 따른 전세사기피해지원위원회가 시ㆍ도별 여건 및 피해자의 여건 등을 고려하여 2억원의 범위에서 상향 조정할 수 있다.\n\n3. 임대인의 파산 또는 회생절차 개시, 임차주택의 경매 또는 공매절차의 개시(국세 또는 지방세의 체납으로 인하여 임차주택이 압류된 경우도 포함한다), 임차인의 집행권원 확보 등에 해당하여 2인 이상의 임차인에게 임차보증금반환채권의 변제를 받지 못하는 피해']","A. 한 줄 결론  
나중에 들어온 세입자들로 인해 경매에서 배당금이 줄어드는 것은, 그들이 대항력과 우선변제권을 갖추었기 때문입니다.

B. 지금 당장 할 일  
1. 경매 절차에 대한 정보 확인 (경매 개시일, 배당요구 기한 등)  
2. 임대차계약서 및 확정일자 확인  
3. 등기부 등본 확인 (다른 임차인의 권리 확인)  
4. 법률 상담 요청 (전문가와 상담하여 권리 보호 방안 모색)  
5. 배당 요구서 제출 여부 확인 (배당 요구를 하지 않았다면 즉시 제출)  

C. 법적 근거  
- 주택임대차보호법 제3조(대항력) - 임차인은 주택의 인도와 주민등록을 마치면 대항력을 취득합니다.  
- 주택임대차보호법 제8조(우선변제권) - 임차인은 보증금 중 일정액을 우선적으로 변제받을 권리가 있습니다.  

D. 절차/증빙  
- 경매 절차에 대한 정보는 법원 또는 경매 주관 기관에서 확인할 수 있습니다.  
- 임대차계약서와 확정일자는 반드시 보관하고 있어야 하며, 필요 시 법원에 제출할 수 있습니다.  
- 배당 요구서는 경매 절차에 따라 정해진 기한 내에 제출해야 하며, 관련 서류를 준비해야 합니다.  

E. 유사 판례/사례  
- 판례 22다246610 - 임차인이 대항력을 유지하면 임대차관계가 존속되며, 경매에서 우선변제권을 행사할 수 있습니다.  
- 판례 22다255126 - 임차인이 대항력을 갖춘 경우, 경매에서 배당 요구를 통해 보증금 반환을 청구할 수 있습니다.  

F. 추가 확인 질문  
1. 임대차계약서의 확정일자는 언제인가요?  
2. 다른 세입자들은 언제부터 입주했나요?  
3. 경매 절차는 언제 시작되었나요?  
4. 배당 요구를 하셨나요?  

이 정보는 일반적인 법률정보이며, 구체적인 사건에 대한 법률 자문이 아님을 알려드립니다.","다가구주택에서는, 나중에 들어온 세입자들 때문에도 경매에서 배당금이 줄어들 수 있습니다.
 이는 다가구주택이 법적으로 ‘여러 세대가 있어도 하나의 주택’으로 취급되기 때문입니다.
우선, 임차인의 보증금 배당 순위는
 대항력과 확정일자 취득 시점에 따라 정해집니다
 (대항력 및 우선변제권 – 주택임대차보호법 제3조 제1항, 제3조의2 제2항).
다만, 경매 절차에서는
 일정 요건을 갖춘 **소액임차인에게 ‘최우선변제권’**이 인정됩니다
 (소액임차인의 최우선변제 – 주택임대차보호법 제8조).
문제는 다가구주택의 경우입니다.
 다가구주택은 여러 세대가 거주하더라도
 주택임대차보호법상 하나의 주택으로 취급되며,
 최우선변제금 역시 주택 전체를 기준으로 합산하여 적용됩니다
 (최우선변제금의 적용 방식 – 주택임대차보호법 시행령 제10조, 제11조).
그 결과,
나중에 입주한 임차인이라 하더라도
소액임차인 요건을 충족하면
경매에서 최우선변제금을 먼저 배당받게 되고,
 이 최우선변제금은 선순위 임차인의 보증금보다도 우선하여 공제됩니다.
따라서 질문과 같이,
본인이 먼저 입주해 확정일자를 갖추었더라도
이후에 들어온 소액임차인이 여럿 있는 경우
그들의 최우선변제금이 주택 전체에서 먼저 빠져나가면서,
 결과적으로 선입주 임차인의 배당금이 줄어들 수 있습니다.
정리하면,
다가구주택은 세대별로 따로 계산되지 않고
최우선변제금이 주택 전체 기준으로 우선 공제되기 때문에
나중에 들어온 세입자들로 인해
 먼저 입주한 임차인의 배당금이 감소하는 일이 발생할 수 있습니다.
📌 법적 근거 (첨부 파일 기준)
주택임대차보호법 제3조 제1항 (대항력)
주택임대차보호법 제3조의2 제2항 (확정일자 임차인의 우선변제권)
주택임대차보호법 제8조 (소액임차인의 최우선변제)
주택임대차보호법 시행령 제10조·제11조 (최우선변제금의 범위 및 적용 기준)",0.9999999999666667,1.0,0.9999999999866667
전세사기 피해자로 아직 공식 결정 전인데 경매 매각기일이 잡혔습니다. 이 경우에도 경매를 멈출 수 있는 방법이 있나요?,"['① 전세사기피해자는 전세사기피해주택이 「국세징수법」 제31조에 따라 압류되었거나 같은 법 제64조에 따른 매각절차가 진행 중인 경우 매각결정기일 전까지 관할 세무서장에게 매각절차의 유예 또는 정지(이하 이 조에서 “매각유예등”이라 한다)를 신청할 수 있다.\n\n② 국토교통부장관은 다음 각 호의 어느 하나에 해당하는 경우 관할 세무서장에게 매각유예등의 협조를 요청할 수 있다.<개정 2024. 9. 10.>\n\n1. 위원회가 제6조제2항제2호에 관한 사항을 심의ㆍ의결한 경우\n\n2. 매각결정기일이 위원회 개최일 이전에 있는 등 위원회가 제1호에 따른 의결을 할 수 없는 긴급한 경우\n\n③ 관할 세무서장은 「국세징수법」 제88조제2항 및 같은 법 제105조제1항에도 불구하고 제1항에 따른 신청이나 제2항에 따른 요청이 있고, 전세사기피해자(제12조에 따라 전세사기피해자등 결정을 신청한 자를 포함한다)가 임차보증금을 반환받지 못하여 생계나 주거안정에 지장을 줄 것이 우려되는 경우에는 채권자 및 채무자의 생활형편 등을 고려하여 매각유예등을 할 수 있다.\n\n④ 제3항에 따른 매각유예등의 기간은 그 유예 또는 정지한 날의 다음 날부터 1년 이내로 한다. 다만, 관할 세무서장은 ', '① 전세사기피해자는 전세사기피해주택이 「지방세징수법」 제33조에 따라 압류되었거나 같은 법 제71조에 따른 매각절차가 진행 중인 경우 매각결정기일 전까지 지방자치단체의 장에게 매각절차의 유예 또는 중지(이하 이 조에서 “매각유예등”이라 한다)를 신청할 수 있다.\n\n② 국토교통부장관은 다음 각 호의 어느 하나에 해당하는 경우 지방자치단체의 장에게 매각유예등의 협조를 요청할 수 있다.<개정 2024. 9. 10.>\n\n1. 위원회가 제6조제2항제2호에 관한 사항을 심의ㆍ의결한 경우\n\n2. 매각결정기일이 위원회 개최일 이전에 있는 등 위원회가 제1호에 따른 의결을 할 수 없는 긴급한 경우\n\n③ 지방자치단체의 장은 「지방세징수법」 제83조제1항 및 같은 법 제105조제1항에도 불구하고 제1항에 따른 신청이나 제2항에 따른 요청이 있고, 전세사기피해자(제12조에 따라 전세사기피해자등 결정을 신청한 자를 포함한다)가 임차보증금을 반환받지 못하여 생계나 주거안정에 지장을 줄 것이 우려되는 경우에는 채권자 및 채무자의 생활형편 등을 고려하여 매각유예등을 할 수 있다.\n\n④ 제3항에 따른 매각유예등의 기간은 그 유예 또는 중지한 날의 다음 날부터 1년 이내로 한다. 다만, 지', '① 전세사기피해주택에 대하여 「민사집행법」 제78조 또는 같은 법 제264조에 따른 경매절차가 진행 중인 경우(「채무자 회생 및 파산에 관한 법률」 제496조제1항 또는 같은 법 제497조에 따라 환가하는 경우를 포함한다) 전세사기피해자는 법원에 매각기일의 지정을 보류하거나 지정된 매각기일의 취소 및 변경 등 경매절차의 유예ㆍ정지(이하 “경매유예등”이라 한다)를 신청할 수 있다. <개정 2024. 9. 10.>\n\n② 국토교통부장관은 다음 각 호의 어느 하나에 해당하는 경우 법원에 경매유예등의 협조를 요청할 수 있다.<개정 2024. 9. 10.>\n\n1. 위원회가 제6조제2항제2호에 관한 사항을 심의ㆍ의결한 경우\n\n2. 매각기일이 위원회 개최일 이전에 있는 등 위원회가 제1호에 따른 의결을 할 수 없는 긴급한 경우\n\n③ 법원은 「민사집행법」 제104조에도 불구하고 제1항에 따른 신청이나 제2항에 따른 요청이 있고, 전세사기피해자(제12조에 따라 전세사기피해자등 결정을 신청한 자를 포함한다)가 임차보증금을 반환받지 못하여 생계나 주거안정에 지장을 줄 것이 우려되는 경우에는 채권자 및 채무자의 생활형편 등을 고려하여 경매유예등을 결정할 수 있다.\n\n④ 제3항에 따']","A. 경매절차를 정지할 수 있는 방법이 있습니다.

B. 지금 당장 할 일
   - 법원에 경매유예 신청서를 제출하세요.
   - 전세사기피해자 지원 및 주거안정에 관한 특별법 제17조에 따라 경매유예를 신청할 수 있습니다.
   - 필요한 서류를 준비하고, 관할 법원에 문의하여 절차를 확인하세요.
   - 경매 매각기일 전에 신청을 완료해야 하므로 기한을 확인하세요.

C. 법적 근거
   - 전세사기피해자 지원 및 주거안정에 관한 특별법 제17조(경매의 유예ㆍ정지) - 전세사기피해자는 법원에 매각기일의 지정을 보류하거나 지정된 매각기일의 취소 및 변경 등 경매절차의 유예ㆍ정지를 신청할 수 있습니다.

D. 절차/증빙
   - 신청서 작성 후, 관할 법원에 제출합니다.
   - 전세사기 피해 사실을 입증할 수 있는 서류(예: 계약서, 피해 사실 증명서 등)를 첨부해야 합니다.
   - 신청 기한은 매각기일 이전까지입니다.

E. 유사 판례/사례
   - 판례 22도3103: 경매방해죄와 관련된 사례로, 경매절차에서 허위 임차권을 이용한 경우에 대한 법원의 판단이 있습니다. 이와 유사한 상황에서 경매유예 신청이 인정될 수 있습니다.

F. 추가 확인 질문
   - 경매 매각기일은 언제인가요?
   - 전세사기 피해를 입증할 수 있는 서류는 무엇이 있나요?
   - 현재 법원에 제출한 서류가 있나요?
   - 전세사기 피해자 지원 신청은 이미 하셨나요?

답변은 일반적인 법률정보이며, 구체 사건의 법률 자문이 아님을 알려드립니다.","네, 전세사기 피해자로 ‘공식 결정 전’이라 하더라도
 일정 요건을 충족하면 경매를 일시적으로 멈출 수 있는 방법이 있습니다.
먼저, 경매 절차 자체는
 원칙적으로 법원이 정한 일정에 따라 진행되며,
 매각기일이 지정되었다고 해서
 자동으로 중지되지는 않습니다
 (경매 절차의 진행 – 민사집행법 제83조, 제84조).
다만, 전세사기피해자 지원 및 주거안정에 관한 특별법은
 전세사기 피해자에 대하여
 경매 절차에서의 특별한 보호 조치를 규정하고 있습니다.
전세사기피해자 지원 및 주거안정에 관한 특별법 제16조에 따르면,
 전세사기 피해자 또는 피해자에 해당할 가능성이 있는 자는
 주택에 대한 경매·공매 절차에서
 법원에 경매의 속행정지 또는 집행정지를 신청할 수 있습니다.
여기서 중요한 점은,
 이미 피해자로 최종 결정된 경우뿐만 아니라,
피해 사실이 소명되고
현재 피해자 인정 절차가 진행 중인 경우에도
경매 정지를 신청할 수 있다는 점입니다
 (전세사기 피해자 보호 취지 – 전세사기피해자 지원 및 주거안정에 관한 특별법 제1조).
또한 법원은
전세사기 피해 가능성
임차인의 주거 안정 필요성
경매 절차의 단계
등을 종합적으로 고려하여
 매각기일을 연기하거나 경매 절차를 일시 정지할 수 있습니다.
따라서 질문과 같이
 아직 전세사기 피해자에 대한 공식 결정이 내려지지 않았더라도,
피해 사실을 입증할 자료를 갖추어
법원에 경매정지 또는 속행정지 신청을 하면
경매를 멈출 수 있는 실질적인 가능성은 존재합니다.
정리하면,
매각기일이 잡혔다고 해서
 → 경매를 막을 수 없는 것은 아니고
전세사기 피해자이거나
 → 피해자 인정 절차가 진행 중인 경우에는
특별법에 따라
 → 경매 정지 또는 연기 신청이 가능합니다.
📌 법적 근거
민사집행법 제83조 (경매절차의 개시)
민사집행법 제84조 (경매절차의 진행 및 기일 지정)
전세사기피해자 지원 및 주거안정에 관한 특별법 제1조 (목적)
전세사기피해자 지원 및 주거안정에 관한 특별법 제16조 (경매·공매 절차에 대한 특례)",0.9999999999666667,1.0,0.9999999999866667
